Irms,Irms_voltage,P,Q,Ipeak,CF,max_di_dt,H85,H100,H150,H170,H250,H350
0.108,0.032375,5.4,16.38,0.274,2.552,2358.8,1.062309,0.613319,5.671481,4.186271,1.598872,2.989708
0.115,0.034491,6.15,19.33,0.283,2.467,2259.1,0.411295,0.857136,2.409622,4.071807,0.982095,1.136416
0.146,0.044076,15.62,24.02,0.411,2.808,2956.8,0.479793,0.796765,1.898027,6.766805,1.585496,2.317901
0.146,0.043866,11.89,22.38,0.527,3.616,4485,0.732293,0.828835,0.928612,2.376609,0.20057,0.986216
0.104,0.031331,8.98,16.19,0.286,2.746,2790.7,0.912935,1.069141,0.665306,1.519918,0.872827,0.405769
0.158,0.047564,17.58,27.06,0.483,3.056,4717.6,0.526817,1.286486,3.807337,7.007152,1.084209,0.65322
0.107,0.032327,10.32,18.31,0.382,3.553,2093,0.507082,0.560033,1.338616,0.713254,0.847598,0.326048
0.129,0.038895,3.86,19.73,0.438,3.391,2591.4,2.170756,2.247344,1.965307,4.181342,2.580953,0.5412
0.134,0.040256,6.85,21.31,0.418,3.124,2624.6,0.88266,0.789972,0.659075,0.883292,0.952605,0.510848
0.137,0.041384,8.66,22.13,0.464,3.376,2724.3,0.90654,0.716097,1.25018,0.732586,0.338311,0.605513
0.116,0.034982,9.5,16.61,0.409,3.523,2724.3,0.750957,0.949486,0.567007,1.199496,0.427051,0.485815
0.102,0.030731,6.15,13.48,0.271,2.657,2093,1.958769,1.362685,2.693923,2.424811,1.047445,1.45047
0.096,0.02886,7.8,15.34,0.278,2.903,2591.4,2.4704,1.734408,4.529588,2.789057,1.229114,0.951953
0.108,0.03258,8.57,15.91,0.265,2.445,1926.9,1.100623,1.202535,4.209457,4.18394,1.882148,1.597238
0.141,0.042477,10.71,22.09,0.359,2.541,2724.3,0.755556,1.498238,3.631879,6.214081,2.602973,3.287343
0.117,0.035102,9.02,18.08,0.402,3.445,2059.8,0.682001,0.56248,1.081382,1.670244,0.054026,0.679302
0.106,0.031788,6.06,14.37,0.287,2.717,2358.8,1.089578,1.627698,1.34343,2.227106,0.937286,1.18318
0.136,0.041024,10.04,19.33,0.498,3.653,4252.5,2.422172,0.517916,5.241594,9.801939,4.083501,3.37438
0.133,0.039908,8.33,19.85,0.4,3.018,5814,0.621061,0.801308,1.413121,1.056738,0.644947,0.471512
0.15,0.045224,12.04,19.57,0.52,3.458,4318.9,0.890819,0.858505,1.246882,0.66534,0.763184,0.551822
0.133,0.040015,3.76,19.7,0.396,2.982,2558.1,0.754185,0.615221,1.25728,1.201359,0.226092,0.274119
0.098,0.029349,0.67,14.08,0.275,2.823,1727.6,0.794584,0.476072,1.158994,0.568272,0.356823,0.509762
0.118,0.035625,7.86,18.48,0.278,2.349,2059.8,0.504345,0.80303,4.848411,3.549143,2.540322,1.207554
0.118,0.035665,14.12,17.8,0.303,2.561,2192.7,4.312583,4.761296,16.93745,12.750638,4.597846,8.42518
0.12,0.036106,9.12,17.06,0.368,3.066,2159.5,1.055573,0.878905,5.347672,6.624436,0.954029,3.755263
0.108,0.032639,6.85,15.6,0.341,3.146,2425.2,0.706219,0.468797,3.26057,3.707961,0.293947,0.863628
0.137,0.041267,11.15,21.48,0.453,3.303,4684.4,2.555717,2.639783,3.387994,3.703924,2.236524,2.43722
0.129,0.038965,6.56,17.21,0.484,3.736,4916.9,0.722809,0.636493,0.6296,0.806639,0.661485,0.505732
0.133,0.040055,5.27,20.66,0.402,3.02,5116.3,0.891954,0.786514,1.153033,1.467093,0.550535,0.376299
0.146,0.044057,9.67,23.32,0.409,2.797,3920.3,0.896403,0.861015,1.140238,1.556545,0.465641,0.75015
0.111,0.033508,6.71,15.68,0.267,2.403,2225.9,1.150097,0.999992,2.139652,1.888266,0.319789,0.800357
0.145,0.043737,6.5,22.64,0.402,2.766,4418.6,0.590278,1.956981,2.89103,5.948736,2.11889,1.831351
0.129,0.038753,1.17,19.08,0.439,3.412,4518.3,0.684734,0.625251,1.882726,1.914987,0.772763,0.853657
0.121,0.036505,6.3,18.5,0.362,2.982,2192.7,1.294158,0.782828,0.40688,1.193403,0.356798,0.272076
0.134,0.040277,9.16,21,0.503,3.762,3853.8,0.304584,1.09485,1.332359,2.978425,0.517214,0.695119
0.115,0.034744,8.34,16.57,0.297,2.572,2425.2,1.150712,0.274235,1.229833,1.19831,0.716999,1.094755
0.139,0.041696,8.09,19.47,0.438,3.164,4518.3,0.733514,1.549597,4.430394,4.579061,1.786648,2.230445
0.153,0.045915,14.61,22,0.566,3.708,5514.9,0.697464,0.59045,0.761774,1.500957,0.636018,0.347731
0.115,0.034503,5.59,16.27,0.317,2.766,3521.6,0.889348,0.639725,0.592528,1.600224,0.436705,0.382968
0.151,0.045515,7.4,24.53,0.463,3.064,4651.2,2.167109,1.654165,11.932716,14.308999,7.040869,6.214521
0.151,0.045391,6.9,22.79,0.45,2.983,4784.1,1.178496,0.807411,1.207781,1.881297,0.462648,0.754567
0.116,0.034857,6.17,16.9,0.261,2.25,2192.7,0.678866,0.623255,1.2843,0.845258,0.082179,0.609095
0.098,0.029602,6.7,14.67,0.283,2.882,2724.3,2.562523,2.564587,11.897309,15.44595,1.498116,8.336782
0.145,0.043545,7.6,23.15,0.506,3.498,4252.5,0.603921,0.45355,2.668406,3.427019,1.629047,1.251434
0.113,0.034039,6.68,15.71,0.269,2.377,2159.5,0.907143,0.898971,0.763398,1.017477,0.636579,0.432536
0.109,0.032848,5.27,14.8,0.268,2.46,2425.2,2.283884,1.714471,5.12372,8.652408,0.98946,3.47076
0.12,0.036082,5.2,17.7,0.358,2.985,2491.7,3.8437,3.623995,11.282046,15.1762,5.008573,7.647595
0.125,0.03753,9.39,19.19,0.34,2.731,2225.9,0.545256,0.841589,1.221287,2.101806,0.961355,1.017959
0.119,0.03583,7.97,18.47,0.343,2.878,2425.3,0.899507,1.475402,4.671377,4.33553,1.909353,2.150506
0.146,0.044066,7.41,20.89,0.529,3.612,4285.7,0.436229,2.141019,6.050935,6.661693,1.266244,1.347988
0.141,0.042469,8.22,21.21,0.381,2.699,3421.9,0.816514,0.844313,0.781636,2.159182,0.517797,0.711078
0.128,0.03841,7.46,18.95,0.369,2.889,2458.5,1.312478,0.651753,1.246168,2.849427,0.980346,1.031284
0.124,0.037374,5.79,19.18,0.473,3.812,4219.3,1.460787,1.855615,2.460855,6.060503,1.27401,2.421097
0.141,0.042324,5.32,20.93,0.527,3.751,5083.1,0.895614,0.908048,1.277844,1.896845,1.282318,0.691746
0.108,0.032614,7.67,15.99,0.295,2.722,2591.4,0.858441,0.82031,0.992402,1.210297,0.382766,0.876495
0.117,0.0353,5.73,16.36,0.389,3.319,2259.1,2.652622,2.811895,7.715472,9.667915,6.913262,3.150701
0.142,0.042814,10.74,20.3,0.433,3.047,4584.7,1.720248,1.505633,1.19126,2.009219,1.6049,0.459075
0.128,0.038584,6.08,20.14,0.35,2.727,2259.1,1.059898,0.728095,0.737137,2.894412,0.556409,0.875872
0.13,0.039002,10.66,18.91,0.337,2.6,1960.1,0.354425,0.980593,2.293385,1.716032,0.71865,0.371745
0.137,0.041103,13.24,20.06,0.402,2.946,3654.5,0.812687,1.402949,2.60428,3.890403,0.693094,0.811597
0.131,0.039331,11.7,19.37,0.397,3.037,5581.4,0.717165,0.758676,0.774556,1.381492,0.259432,0.449645
0.113,0.033959,5.16,17.01,0.404,3.582,2392,1.019136,1.064421,0.762566,1.164942,0.741307,0.583345
0.096,0.028756,5.44,13.12,0.274,2.864,2159.5,1.138998,1.282457,1.764449,2.621056,0.39533,0.90238
0.134,0.040464,7.08,17.71,0.442,3.286,4551.5,1.303586,1.395977,2.637522,4.832444,1.269383,1.628243
0.142,0.042837,14.61,20.98,0.385,2.702,4584.7,1.482231,1.481824,1.755957,1.612452,0.906046,1.257851
0.136,0.040887,9.68,17.91,0.489,3.597,4485,0.854784,0.891835,1.000281,0.575967,0.31284,0.261116
0.132,0.039776,9.66,20.19,0.537,4.066,4385.4,0.892568,1.246559,0.739001,0.606982,0.764851,0.755593
0.094,0.028376,5.67,14.48,0.3,3.187,2524.9,0.95417,0.808141,1.571754,1.94113,0.41892,0.493098
0.145,0.043685,7.66,22.03,0.399,2.748,4385.4,2.380864,3.613781,5.306846,5.187767,7.386198,1.99333
0.101,0.030398,4.41,13.9,0.261,2.58,2425.2,0.793697,0.466388,1.070281,1.476818,0.242346,0.477726
0.119,0.035806,8.36,18.83,0.395,3.319,2358.8,2.940252,2.396468,5.469082,8.649642,2.76999,2.266827
0.092,0.027562,6.2,14.56,0.268,2.931,2159.5,1.240169,1.301491,2.417021,3.86213,1.239371,1.506845
0.139,0.041795,11.76,21.84,0.574,4.137,4418.6,1.906148,1.843907,10.93094,15.995095,2.741402,8.099955
0.147,0.044365,7,20.73,0.483,3.28,3920.3,0.642689,0.661576,0.567693,0.545597,0.397689,0.284194
0.148,0.044645,8.98,20.2,0.411,2.768,3787.4,0.98365,0.850345,1.03967,2.671044,0.334587,1.440445
0.129,0.038874,11.75,17.84,0.403,3.121,3920.3,0.668113,0.725651,0.740533,1.085276,0.258155,0.198936
0.136,0.040856,10.17,19.13,0.403,2.967,4451.8,0.758959,0.678601,0.778691,0.716167,0.484519,0.587547
0.136,0.040983,7.83,20.29,0.451,3.31,4983.4,0.734624,0.828291,1.373291,1.17735,0.362366,0.623519
0.146,0.043895,9.3,20.83,0.618,4.24,4285.7,0.817933,0.937999,1.239211,1.884991,0.611158,0.851101
0.117,0.035351,7.18,17.27,0.27,2.3,2491.7,0.712906,0.75517,1.120449,1.311134,0.348625,0.627107
0.109,0.032778,7.82,15.65,0.318,2.922,2392,1.310924,2.230451,5.047976,9.816639,1.507984,3.708526
0.147,0.044372,10.43,21.24,0.607,4.117,4883.7,1.718511,2.480201,7.915407,11.105751,5.171918,4.433618
0.103,0.031144,8.54,14.45,0.292,2.821,2259.1,0.609831,0.732661,0.937973,1.408483,0.142346,0.380313
0.137,0.04119,3.25,20.31,0.532,3.885,5016.6,2.291165,4.180799,12.031219,9.557705,8.298337,5.957016
0.145,0.043541,9.12,20.76,0.529,3.658,3488.4,0.649279,0.838573,0.88306,0.936569,0.644726,0.441389
0.143,0.043023,13.89,19.74,0.49,3.431,4684.4,1.140972,0.900432,0.925856,1.0001,0.261666,0.551081
0.15,0.045129,13.41,21.73,0.483,3.221,4684.4,0.817255,0.678351,1.161328,1.320632,0.359843,0.434519
0.107,0.032102,6.83,15.19,0.313,2.936,2225.9,1.10812,1.846698,1.394434,2.864523,1.150307,1.738399
0.141,0.042579,12.04,21.74,0.432,3.056,4019.9,0.449218,1.024639,3.420963,4.130538,0.987752,1.324239
0.151,0.045484,11.99,22.71,0.517,3.42,4551.5,0.891301,0.583258,0.653064,1.116583,0.324973,0.485407
0.099,0.029774,5.1,13.17,0.289,2.919,2358.8,0.744922,1.158799,0.995751,2.495075,0.554341,0.949443
0.115,0.034521,7.32,16.3,0.271,2.364,2259.1,0.648462,0.694705,3.632125,4.761381,0.75151,3.100792
0.12,0.036158,4.22,18.76,0.412,3.426,2724.3,3.56232,6.197675,7.208849,17.686368,3.027383,7.279468
0.142,0.04281,5.56,18.57,0.406,2.855,5149.5,0.913702,1.178409,2.145955,4.207021,1.285081,1.317715
0.125,0.0375,5.11,17.99,0.548,4.402,4252.5,0.865833,0.819281,0.833521,2.543813,0.396161,0.991867
0.151,0.045429,7.53,21.67,0.428,2.836,3089.7,0.998966,0.817003,1.527627,1.135675,0.990459,0.487719
0.112,0.03374,6.56,15.56,0.302,2.694,2524.9,0.627685,0.677404,0.666112,1.388666,0.17102,0.577477
0.148,0.044667,14.19,18.99,0.655,4.414,4485,1.810118,1.353019,4.707017,9.731113,2.814368,3.017292
0.13,0.039166,12.19,19.18,0.505,3.884,4784.1,0.759293,0.773602,1.22687,1.076411,0.472183,0.565277
0.158,0.047609,11.53,22.88,0.445,2.815,4518.3,0.691682,0.673039,0.654162,0.669348,0.55206,0.518503
0.121,0.036366,10.36,16.42,0.341,2.825,2259.1,0.367201,0.161841,0.796633,0.925913,0.209277,0.602212
0.134,0.040416,6.06,20.38,0.584,4.352,4186,1.171344,1.241,5.475212,6.818589,2.22157,2.379415
0.118,0.035624,8.12,17.59,0.265,2.241,2691,0.604813,1.120126,2.929598,2.86324,0.322516,0.78622
0.159,0.047822,9.22,24.65,0.633,3.986,5515,1.41099,2.714279,4.281611,12.679865,2.809937,5.943959
0.105,0.031694,5.99,16.03,0.316,2.997,2956.8,0.16962,0.191253,0.127777,0.558058,0.378495,0.242548
0.137,0.041292,12.63,19.11,0.438,3.191,4617.9,1.452909,1.726707,3.774302,4.66957,2.639518,1.689498
0.136,0.040902,6.6,21.18,0.396,2.916,2491.7,0.564968,0.562919,1.142464,1.736097,0.197244,0.595065
0.132,0.039797,6.35,18.66,0.466,3.526,5415.3,0.809582,0.885359,0.600841,0.389415,0.343086,0.209818
0.135,0.040651,9.71,20.02,0.427,3.163,5083.1,1.204189,1.102228,1.333751,0.799253,0.63233,0.517046
0.147,0.044175,14.54,20.01,0.525,3.579,4750.8,1.005349,0.88472,1.107154,1.840704,0.238898,0.618741
0.101,0.030531,8.31,14.44,0.281,2.769,2292.4,0.663934,0.88072,0.853405,2.206718,0.321146,0.836743
0.159,0.047804,10.47,23.23,0.595,3.746,5515,0.996701,0.477729,8.233283,6.284126,3.131206,2.100876
0.155,0.046514,6.02,22.99,0.456,2.949,4750.8,1.13715,2.269636,3.842136,3.070248,0.754398,1.146631
0.117,0.035143,8.25,17.73,0.287,2.462,2259.1,0.646848,0.367559,0.649327,0.887346,0.315539,0.570951
0.141,0.04256,11.63,19.21,0.638,4.513,5182.7,0.642792,0.867571,3.073677,13.052094,1.869928,5.27084
0.117,0.035174,9.6,15.59,0.283,2.42,2259.1,0.691494,0.550876,0.46636,0.481589,0.204242,0.60758
0.109,0.032766,6.68,15.43,0.273,2.512,2159.5,1.884091,1.991846,8.844863,6.047582,1.140172,4.336422
0.148,0.044487,8.34,21.22,0.414,2.799,4318.9,1.193347,0.923104,4.480556,6.400238,1.567965,3.003205
0.153,0.046185,7.83,21.88,0.464,3.027,4817.3,0.764814,0.444575,0.910861,0.810628,0.487204,0.24423
0.118,0.035478,6.77,17.64,0.306,2.594,2823.9,0.847651,0.669255,0.913735,1.501659,0.317444,1.059695
0.134,0.040412,10.97,18.7,0.398,2.967,2259.1,1.088001,1.53575,4.785364,7.984111,1.462637,2.282611
0.119,0.035792,7.46,17.67,0.389,3.274,4186,0.738061,0.750208,0.84902,1.023499,0.28587,0.465183
0.112,0.033776,5.94,16.45,0.344,3.066,2757.5,1.021621,0.894792,1.936005,1.68106,1.012492,0.527244
0.125,0.037602,9.85,19.91,0.317,2.538,2757.5,0.955123,1.032071,1.179552,1.777097,0.401206,1.15477
0.144,0.043464,5.22,22.01,0.557,3.859,4385.4,1.19941,2.36969,6.766077,9.078964,1.099495,3.993923
0.097,0.029088,4.35,12.79,0.293,3.034,2192.7,0.767595,0.659416,0.505277,1.133808,0.188871,0.808339
0.118,0.035614,6.81,18.3,0.284,2.404,2458.5,1.775957,2.298931,2.71062,4.815362,4.168073,2.124707
0.146,0.044027,15.28,18.78,0.432,2.953,3820.6,1.54244,1.959154,8.675928,13.296841,1.328282,5.09154
0.121,0.036436,6.59,17.33,0.37,3.06,2691,0.274418,0.15788,0.676918,0.611582,0.184891,0.297556
0.146,0.044057,9.52,25.7,0.557,3.806,5315.6,0.95788,1.38405,2.239485,4.720591,1.373008,1.677238
0.134,0.040361,10.52,21.26,0.586,4.372,2990,1.309846,0.329111,1.039986,1.541784,0.439086,0.682691
0.113,0.034129,8.84,16.17,0.267,2.358,2292.4,1.567424,1.358924,1.193364,1.124955,0.647495,0.749747
0.151,0.045429,12.8,20.54,0.506,3.355,5149.5,1.022028,0.845684,5.932182,9.240429,2.438209,4.441238
0.138,0.041639,13.03,20.73,0.515,3.726,5215.9,0.68274,0.642645,0.857761,2.788159,0.50179,0.770953
0.116,0.034922,4.64,17.06,0.299,2.58,2358.8,0.8343,0.981923,0.676756,2.192683,0.497577,0.717195
0.138,0.041672,10.51,20.14,0.511,3.692,4784.1,0.8019,1.498545,5.616417,4.43744,0.885567,3.220523
0.111,0.03343,8.44,16.82,0.275,2.474,1760.8,1.267528,0.867688,1.262916,2.14464,1.003213,0.692628
0.139,0.041795,13.51,22.26,0.442,3.18,5282.4,0.881064,1.277484,3.553685,6.193288,1.957082,2.643138
0.148,0.04463,11.73,22.67,0.483,3.255,4485,0.863342,0.954672,0.806955,1.203271,0.28472,0.626364
0.139,0.041887,8.51,20.6,0.549,3.947,5382.1,0.956058,0.73272,0.595208,1.579106,0.464828,0.9475
0.134,0.040221,14.88,16.16,0.398,2.979,2790.7,1.177201,1.169672,1.738929,1.453857,0.841527,0.653423
0.141,0.042428,7.8,20.02,0.506,3.593,4916.9,0.639843,0.782308,0.952317,0.778643,0.292828,0.356017
0.14,0.042276,9.64,20.45,0.518,3.686,6113,0.748542,0.65754,1.015439,1.197521,0.760613,0.269153
0.133,0.039892,8.35,18.07,0.447,3.371,3189.4,0.811941,0.82089,0.515135,1.334573,0.689887,0.366468
0.146,0.043983,11.06,20.11,0.428,2.93,4053.2,0.580207,0.652476,1.369951,1.069881,0.415232,0.592513
0.133,0.040077,10.39,19.17,0.43,3.228,4784.1,1.18574,1.189943,1.103922,1.405116,0.624511,0.510184
0.157,0.047302,10.3,22.34,0.64,4.07,5049.8,0.594446,0.648438,0.850328,0.551155,0.316272,0.372912
0.143,0.04316,4.88,22.92,0.567,3.955,4983.4,0.615944,1.329008,1.398443,0.89109,0.615772,0.674615
0.131,0.039443,7.31,18.52,0.486,3.712,5215.9,0.731512,0.708623,0.64994,0.834303,0.270059,0.260515
0.152,0.04569,14.21,21.16,0.666,4.387,5083.1,1.47009,1.237992,2.038543,2.031459,0.77703,0.510204
0.129,0.038943,13.64,19.52,0.506,3.912,5415.3,0.916446,1.585129,0.512608,0.644966,0.386167,0.382024
0.142,0.042603,5.13,17.77,0.405,2.862,5880.4,0.802769,0.180291,0.654954,0.453503,0.630006,0.231179
0.147,0.044166,5.08,19.92,0.429,2.927,5515,0.841887,0.850151,1.585674,0.92242,0.895912,0.529647
0.107,0.032071,5.6,16.05,0.269,2.526,2059.8,0.691116,0.519349,0.629059,0.633679,0.311496,0.385398
0.112,0.033642,7.41,14.96,0.28,2.503,2292.4,1.495098,1.650767,5.994217,17.892483,2.957328,6.135462
0.114,0.03436,6.16,16.13,0.294,2.575,2657.8,1.201112,1.030945,5.237556,4.140789,1.173318,1.23609
0.132,0.039729,9.62,21.5,0.385,2.92,2591.4,0.793582,0.338626,3.658788,2.207232,1.173946,1.691756
0.104,0.031217,4.27,13.72,0.285,2.748,2524.9,1.197554,1.603141,3.323423,2.306948,0.539846,0.912798
0.117,0.035248,7.98,16.02,0.419,3.58,2491.7,4.360014,4.74728,8.214857,13.565351,4.949971,3.655655
0.139,0.041761,5.83,19.6,0.465,3.352,4684.4,0.746467,0.861453,0.395745,0.448689,0.64324,0.314754
0.123,0.036932,11.58,16.34,0.394,3.212,2857.1,0.666422,0.664549,0.849638,0.93321,0.669089,1.166398
0.153,0.045983,10.45,21.49,0.605,3.962,5016.6,1.213267,0.871073,0.516448,0.951447,0.862718,1.003536
0.147,0.044386,11.19,22.32,0.567,3.848,4983.4,0.265634,0.446731,0.9789,0.715645,0.280716,0.251373
0.159,0.047782,6.59,23.25,0.409,2.577,2956.8,0.927534,0.687163,0.30374,0.199117,0.573674,0.272943
0.141,0.042336,7.1,19.6,0.506,3.599,4617.9,0.272833,0.644665,0.676109,0.447426,0.469746,0.339753
0.111,0.033478,7.99,16.31,0.28,2.522,2425.2,0.774827,0.859787,0.908852,1.87092,0.311628,0.661469
0.132,0.03978,3.67,18.65,0.425,3.215,4883.7,0.9829,1.111222,1.142082,1.518799,0.953368,0.56805
0.104,0.031206,4.53,14.27,0.281,2.714,2425.3,1.410455,1.059191,4.944777,6.296537,3.490414,1.833789
0.132,0.039707,5.2,19.57,0.416,3.156,5946.8,0.498233,0.557819,0.678008,0.723519,0.63859,0.370404
0.101,0.030485,6.8,13.76,0.277,2.735,2093,8.701686,5.488614,9.521816,13.67276,8.664021,5.078249
0.135,0.040732,6.09,18.41,0.476,3.521,4053.2,1.12391,0.838369,0.704386,1.283135,0.695163,0.247712
0.11,0.032984,7.34,15.9,0.299,2.731,2857.1,3.706533,2.87185,6.231671,14.326878,5.837964,4.757362
0.123,0.036965,9.08,16.9,0.302,2.457,4983.4,0.75893,0.593024,1.597042,9.724069,0.907934,4.081401
0.125,0.0375,10.17,16.49,0.375,3.012,3056.5,0.668503,0.809797,0.458849,0.9157,0.588274,0.468469
0.141,0.042565,10.47,20.29,0.397,2.809,4252.5,0.77257,0.434232,1.120768,2.450271,0.30599,0.774994
0.137,0.041103,10.02,20.91,0.345,2.527,3089.7,0.480453,0.604762,1.006157,0.804702,0.367386,0.285783
0.112,0.033733,7.14,15.5,0.26,2.317,2325.6,1.704406,0.934205,3.923129,10.263412,2.532897,4.097689
0.149,0.04482,8.56,20.68,0.473,3.175,5049.8,1.069365,0.605401,2.367284,2.912466,0.36089,1.14358
0.143,0.043097,12.44,21.99,0.52,3.633,4551.5,0.980319,0.795918,0.638892,1.719886,0.497748,0.931968
0.137,0.041285,12.26,18.39,0.458,3.338,4584.7,0.88187,0.728298,1.395764,1.400103,0.945583,0.800359
0.114,0.034312,8.87,16.09,0.405,3.552,2425.2,0.46268,1.259897,2.849959,1.85872,1.07398,1.211387
0.116,0.034857,7.4,15.99,0.343,2.961,2292.4,0.858234,0.68048,3.34164,6.151833,1.922696,1.377891
0.138,0.041398,9.54,20.34,0.385,2.798,3720.9,0.704321,0.674229,0.370189,0.480389,0.326323,0.175508
0.125,0.037734,8.19,17.07,0.337,2.686,2491.7,1.132234,1.167644,3.881643,6.125366,0.978207,1.376139
0.142,0.042792,10.13,20.4,0.522,3.671,5348.8,1.463206,0.896577,0.55441,0.772444,0.972331,0.41786
0.12,0.03603,8.26,16.13,0.288,2.405,2059.8,1.351826,2.418338,3.925965,18.927636,1.384066,7.139509
0.125,0.037515,8.23,17.66,0.434,3.481,4152.8,0.71722,0.573872,0.435178,0.166258,0.710696,0.496492
0.132,0.039746,8.28,17.92,0.444,3.364,3920.3,0.340311,0.195466,0.28835,0.301945,0.179894,0.072641
0.123,0.037136,9.06,16.77,0.377,3.054,2890.4,1.372676,0.825589,0.70399,0.918823,0.565532,0.527549
0.142,0.042789,10.9,21.01,0.585,4.118,3754.2,1.290001,1.144011,1.803829,1.061742,0.421411,0.96005
0.142,0.042772,7.23,20.63,0.476,3.353,4485,0.960275,0.912914,1.434791,1.833134,0.593941,1.101275
0.106,0.031854,6.76,15.32,0.274,2.593,2225.9,1.457331,1.758081,6.283103,7.369152,4.631211,3.342889
0.139,0.041773,8.12,19.97,0.421,3.031,3687.7,0.557742,0.625719,0.62215,1.854722,0.693162,0.523771
0.109,0.032684,7.56,15.85,0.311,2.867,2591.4,2.605151,2.887616,4.474859,9.751968,1.994109,1.96085
0.121,0.03654,5.99,17.5,0.487,4.011,4651.2,0.966999,1.172481,1.419322,0.560508,0.404213,0.49997
0.114,0.034366,6.65,15.6,0.25,2.193,2259.1,1.424555,2.120338,5.51144,10.270456,2.435079,4.637179
0.142,0.042593,12.4,18.39,0.381,2.696,2491.7,0.830713,0.392185,0.550979,1.489614,0.306261,0.49305
0.142,0.042797,13.73,19.26,0.399,2.807,3322.3,1.213625,0.659703,0.873106,1.586468,0.421598,0.408178
0.156,0.04691,13.74,20.62,0.63,4.042,4983.4,0.705116,0.653157,0.879341,0.389676,0.155779,0.480906
0.152,0.045749,11.28,21,0.527,3.465,4784,1.511592,0.877645,1.016646,2.044105,0.591013,0.784952
0.119,0.035702,7.45,15.92,0.299,2.524,2259.1,2.213294,2.867815,6.953278,25.870659,4.291316,10.497808
0.137,0.041319,6.98,18.8,0.573,4.175,4086.4,0.966005,0.927529,0.550496,0.954152,0.77263,0.65685
0.155,0.046654,10.03,22.24,0.597,3.85,4883.7,0.750044,0.760287,1.010097,1.50507,0.318962,0.616016
0.09,0.027207,5.41,12.89,0.253,2.798,2425.2,0.628468,0.540267,1.834461,1.18088,3.01015,0.627442
0.112,0.033737,7.92,15.82,0.253,2.257,2059.8,2.372662,2.882748,3.598521,13.592071,1.890486,5.077249
0.111,0.033442,7.23,15.85,0.282,2.54,2059.8,0.972415,0.96803,6.698047,5.45406,2.310726,3.353668
0.096,0.02883,5.93,13.07,0.289,3.021,2292.4,2.128572,1.980857,3.368028,4.778912,2.560319,1.736318
0.16,0.048145,17.1,22.52,0.377,2.354,3023.3,0.441847,0.242936,0.291268,0.192557,0.273057,0.214993
0.112,0.03384,6.97,16.2,0.294,2.615,2225.9,1.059139,1.321402,4.127788,8.225049,2.225888,4.314301
0.131,0.039431,10.88,18.52,0.407,3.103,2358.8,1.137934,1.086346,0.707194,0.75435,0.454345,0.398203
0.103,0.031145,5.83,14.64,0.262,2.535,2192.7,2.270707,1.463657,5.525094,7.710196,3.517353,3.695568
0.138,0.041491,5.58,19.81,0.441,3.203,5083.1,0.68226,0.831102,1.031983,1.006936,0.259237,0.313975
0.12,0.036246,7.44,15.95,0.282,2.342,2425.3,0.793892,0.63299,7.064357,18.312915,4.271075,7.682556
0.139,0.041743,9.29,19.14,0.477,3.441,4385.4,1.00161,0.99799,1.147409,2.854004,0.256429,1.130476
0.142,0.042667,11.82,19.02,0.416,2.938,4285.7,0.608859,0.382387,0.34938,0.931067,0.59039,0.293146
0.117,0.035157,8.56,15.91,0.27,2.315,1926.9,2.023816,3.574637,6.678136,28.33637,3.372466,11.032161
0.109,0.032691,7.93,16.09,0.275,2.533,1794,0.566192,0.559373,0.896769,0.729265,0.343268,0.363138
0.105,0.031619,5.5,14.58,0.325,3.099,2691,2.414372,3.550477,1.706545,12.435732,1.624506,4.001021
0.113,0.034014,8.62,15.22,0.277,2.45,2225.9,0.729019,1.637265,6.884574,9.537642,3.58313,4.993819
0.124,0.037226,10.14,17.71,0.362,2.923,5614.6,0.83432,0.714918,1.105833,1.675424,0.331544,0.302809
0.127,0.03825,6.54,18.9,0.416,3.274,2458.5,1.129906,1.071647,1.050841,1.446773,0.566579,0.514406
0.1,0.029954,5.58,14.49,0.268,2.694,2292.4,1.082294,0.994995,3.382709,8.842859,2.211254,1.596768
0.128,0.038613,5.11,18.45,0.486,3.792,4817.3,1.138414,1.087109,1.145731,0.797371,0.634174,0.564835
0.141,0.042484,5.83,19.99,0.443,3.141,4352.2,0.634422,0.321608,0.377953,1.57663,0.570451,0.804777
0.104,0.031156,7.05,14.05,0.317,3.066,2292.4,1.578619,1.994188,4.495672,4.691553,1.734258,1.02138
0.114,0.034288,8.61,16.25,0.296,2.595,2392,1.18656,0.926715,5.369591,3.445055,0.707122,2.472643
0.127,0.038127,12.1,17.17,0.499,3.936,3455.1,0.670024,1.379516,5.43095,5.438581,0.49841,3.15389
0.141,0.042473,17.02,17.98,0.497,3.521,4983.4,0.602839,0.811632,0.876521,0.704804,0.698463,0.543971
0.155,0.046765,13.19,21.03,0.579,3.725,4451.8,0.967567,0.890322,0.673431,2.781919,0.590561,1.143952
0.112,0.033737,7.31,15.3,0.298,2.655,2458.5,2.134594,2.857041,5.85149,13.946316,2.579648,5.402365
0.132,0.039663,12.68,19.17,0.572,4.337,4451.8,0.596261,1.298993,0.910731,0.372036,0.236001,0.31225
0.139,0.041771,7.55,20.03,0.592,4.268,4451.8,0.711975,0.703638,1.003772,0.776173,0.69918,0.37174
0.097,0.029235,4.7,14,0.292,3.01,3554.8,1.039152,2.395484,4.344477,2.931946,1.14439,1.887017
0.104,0.031161,5.85,14.9,0.266,2.571,2392,3.0858,2.888251,8.839413,8.991293,5.133543,4.241312
0.143,0.042979,6.56,20.37,0.487,3.413,4451.8,0.829928,0.699693,1.056045,1.337906,0.1421,0.716013
0.128,0.038494,7.38,18.92,0.414,3.24,3421.9,1.34143,0.849088,0.899461,1.352832,0.55777,0.493863
0.147,0.044333,5.82,21.63,0.459,3.117,5847.2,0.548669,0.617992,1.114907,1.496516,0.431899,0.682153
0.142,0.042685,10.84,19.5,0.426,3.006,4850.5,0.95883,0.856848,0.967275,1.002938,0.366475,1.07269
0.132,0.03982,13.89,18.28,0.479,3.619,4817.3,0.946114,1.237457,1.244354,1.179143,0.762064,0.662954
0.094,0.028349,5.19,13.08,0.271,2.878,1960.1,5.138704,4.775361,8.545144,12.33392,4.179971,4.072004
0.144,0.043487,11.79,20.25,0.443,3.067,4418.6,1.401416,1.382616,0.933404,1.778583,0.513369,0.780731
0.137,0.041375,14.37,18.07,0.423,3.074,4551.5,0.799887,0.783886,1.457027,0.910736,0.788408,0.400571
0.131,0.039474,12.42,19.6,0.524,3.998,4584.7,0.557704,0.588084,0.7994,0.884735,0.166749,0.396859
0.117,0.035111,9.69,16.28,0.323,2.766,2126.2,0.904865,0.762165,3.747249,2.147167,1.909854,1.417737
0.121,0.036435,9.81,16.47,0.303,2.504,2126.2,1.096103,0.774766,2.114128,6.543916,1.229436,2.934286
0.148,0.04442,9.12,21.46,0.562,3.808,4983.4,0.993917,1.036652,1.21811,0.613004,0.717046,0.369374
0.138,0.041393,13.35,19.45,0.414,3.007,5814,0.69475,0.708233,1.298071,4.457805,0.515282,1.52878
0.118,0.035378,8.01,16.27,0.342,2.906,2292.4,0.700113,1.290953,4.478372,7.520114,0.981032,3.814384
0.112,0.033591,7.57,15.07,0.274,2.454,2093,1.330574,1.383999,6.078785,3.98191,0.956987,3.142652
0.112,0.033685,5.78,15.73,0.301,2.693,2358.8,0.451473,0.973189,3.237455,2.63079,0.627262,1.180829
0.1,0.029954,6.47,13.79,0.258,2.589,2259.1,0.633901,1.882434,4.85297,7.151055,3.4478,3.144964
0.109,0.032685,5.15,15.18,0.297,2.738,2159.5,0.769188,1.150624,4.124815,8.00253,2.219002,3.719288
0.102,0.030713,5.08,14.56,0.286,2.805,2259.1,0.964535,1.646264,2.196537,6.648097,2.046862,1.803795
0.138,0.041655,10.27,18.28,0.435,3.143,5016.6,0.779828,0.844921,1.474704,1.181328,0.345017,0.691125
0.14,0.042229,10.81,19.77,0.42,2.99,5116.3,1.221378,0.7638,2.07617,1.954957,0.697397,0.550217
0.112,0.03364,4.28,14.44,0.277,2.478,2591.4,1.133395,0.521801,5.252387,5.242886,0.847041,2.68728
0.119,0.035747,8.64,15.9,0.256,2.152,2524.9,0.743453,0.885693,0.42148,0.885052,0.84374,0.327424
0.153,0.046202,17.49,19.13,0.569,3.707,4352.2,1.059473,1.39194,3.368411,14.331366,1.143267,5.681618
0.137,0.041356,9.72,17.71,0.433,3.148,4684.4,0.976997,0.786117,0.845577,1.819521,0.37914,0.254985
0.112,0.033764,9.14,14.94,0.29,2.585,2325.6,0.90783,1.330977,5.852708,2.272172,0.672542,2.713596
0.142,0.042739,7.26,21.2,0.399,2.808,2524.9,0.701355,0.990358,1.675799,1.582862,0.31504,0.456178
0.119,0.035952,8.46,17.19,0.298,2.498,2491.7,0.996359,0.860934,2.32348,11.78423,0.815162,4.81216
0.139,0.041827,8.21,19.07,0.48,3.451,2059.8,0.81824,0.790002,0.930342,1.887554,0.183778,0.885942
0.132,0.039827,8.67,18.73,0.408,3.081,5083.1,0.941576,1.023709,1.018258,1.028219,0.821809,0.418003
0.126,0.037779,7.49,17.56,0.402,3.2,2857.1,0.616282,0.593943,1.136853,1.478474,0.519864,0.418652
0.154,0.046365,16.01,19.27,0.591,3.839,4252.5,0.850361,0.802165,0.838223,1.9011,0.382692,0.824299
0.153,0.04594,11.36,22.23,0.435,2.853,4318.9,0.445159,0.681383,1.146982,2.002582,0.28578,0.666397
0.111,0.033392,7.29,14.8,0.267,2.404,2425.2,1.498456,1.852503,1.674948,8.701975,2.007333,3.362347
0.156,0.046957,7.42,21.21,0.393,2.519,4817.3,0.573944,0.360215,0.507232,1.601811,0.126583,0.585282
0.108,0.032445,7.15,16.11,0.268,2.49,1827.2,1.468962,1.822051,6.939838,2.821233,3.007419,3.076038
0.112,0.033564,6.51,15.64,0.27,2.42,2392,1.66327,1.821992,7.013158,10.319345,2.915038,2.704226
0.105,0.031677,5.06,15.06,0.287,2.729,2259.1,2.30635,3.400668,4.392538,7.052526,2.766025,3.257878
0.129,0.038767,0.38,16.97,0.409,3.173,4551.5,0.567097,0.531927,0.31657,0.511058,0.281121,0.416213
0.107,0.032084,6.18,14.53,0.279,2.617,2093,0.458423,0.569324,4.287453,2.032354,1.36153,2.023889
0.148,0.044508,7.63,19.44,0.482,3.258,4750.8,0.93906,0.659987,1.045395,1.522214,0.433433,0.618198
0.119,0.035885,8.82,15.51,0.257,2.16,2259.1,1.005178,1.148381,2.681933,12.963954,0.813673,5.223755
0.152,0.04587,11.49,20.27,0.496,3.256,4584.7,0.54585,0.408097,1.097062,1.704302,0.289304,0.784131
0.114,0.034179,7.41,16.7,0.303,2.666,2325.6,1.253333,0.651787,4.248224,10.78528,1.687306,3.997361
0.095,0.028568,5.92,12.51,0.268,2.819,2591.4,1.724234,1.499911,6.429623,3.228732,1.708817,3.191326
0.113,0.03415,6.24,15.27,0.464,4.088,4485,3.153333,2.189684,3.683663,8.265018,3.272293,1.947487
0.128,0.038519,9.52,19.73,0.348,2.72,2292.4,1.511721,1.042245,4.675777,6.198119,1.117766,1.555463
0.118,0.035454,8,16.66,0.284,2.414,2392,1.103591,0.769805,3.075236,11.094048,1.619124,4.202071
0.112,0.03366,6.34,14.81,0.345,3.083,2458.5,0.781399,0.853411,3.649114,1.980516,1.225978,1.164011
0.094,0.028391,7.28,13.31,0.274,2.909,1893.7,4.276116,7.013787,23.004872,24.19338,12.394069,14.346645
0.137,0.041096,7.03,19.07,0.472,3.459,4784,0.827339,0.858512,1.538527,1.531816,0.50574,0.626313
0.145,0.043607,8.31,20.57,0.491,3.389,5382.1,0.771167,0.719116,0.774314,1.176421,0.563495,0.766232
0.094,0.028265,4.81,12.77,0.253,2.696,2126.2,0.871168,0.519479,1.523668,2.043151,2.174389,0.976235
0.136,0.041011,9.52,18.38,0.506,3.713,4485,1.191552,1.010836,1.13099,1.425179,0.589351,0.526449
0.116,0.034766,5.69,15.39,0.285,2.464,2392,0.811492,1.150205,5.026649,5.0703,1.1396,3.317957
0.129,0.038853,9.39,17.37,0.404,3.133,3189.4,0.831859,1.058591,0.585354,1.234003,0.801071,0.646427
0.144,0.043473,12.83,19.88,0.403,2.791,5083.1,0.859344,0.918106,0.785099,2.236045,0.400073,0.958078
0.109,0.032741,6.89,14.1,0.282,2.595,2491.7,1.812239,2.396379,2.785175,3.192547,1.072396,1.29344
0.138,0.041431,4.29,18.15,0.496,3.605,4418.6,1.002546,0.941472,1.01826,2.307749,0.379746,0.83855
0.12,0.036234,10.51,16.86,0.357,2.969,2225.9,0.589989,1.470424,3.784056,3.958484,0.940972,0.714646
0.14,0.042229,13,17.36,0.49,3.495,4086.4,0.641552,0.592721,0.633922,0.621236,0.266111,0.424164
0.122,0.03684,9.65,17.28,0.291,2.377,1960.1,1.035845,1.915253,4.746221,10.219232,1.009111,3.633559
0.108,0.0326,7.34,15.45,0.284,2.618,2325.6,1.286076,1.774749,3.672302,11.826488,3.182789,4.702515
0.119,0.035697,7.11,16.53,0.292,2.462,2458.5,1.207384,0.438106,0.682557,0.524082,0.442127,0.379402
0.107,0.032322,6.16,15.41,0.282,2.622,2159.5,2.224606,3.845928,6.723688,16.240751,1.628037,5.890054
0.109,0.032662,7.85,15.07,0.29,2.67,2059.8,1.306117,2.46657,10.390737,13.342702,3.708826,5.130332
0.14,0.04202,12.73,18.94,0.457,3.276,5049.8,1.196862,0.817092,1.962761,1.450367,0.641233,1.040417
0.14,0.042233,7.11,20.09,0.504,3.592,4651.2,0.606776,0.718307,1.104382,1.004415,0.386934,0.866573
0.137,0.041354,8.95,18.8,0.411,2.994,2724.3,0.452541,0.133124,0.524095,0.519713,0.410893,0.368157
0.133,0.040181,5.93,18.36,0.391,2.927,5581.4,0.473176,0.583757,0.914265,0.803759,0.898581,0.408125
0.102,0.030626,7.48,13.76,0.269,2.64,2558.1,0.90854,0.970476,0.841167,2.022842,0.543738,0.522839
0.129,0.038816,7.08,17.72,0.405,3.137,5348.8,1.040512,1.209376,2.163588,2.444981,0.498249,0.47924
0.138,0.041494,8.61,20.07,0.477,3.457,3654.5,0.742593,0.53157,1.121027,1.537456,0.220673,0.657443
0.116,0.034814,5.63,14.94,0.266,2.298,1827.2,0.285178,0.960225,4.719463,5.693587,0.759494,1.070468
0.099,0.029766,4.69,14.44,0.27,2.73,2524.9,1.512525,2.542226,3.968749,6.206032,2.337808,2.887447
0.118,0.035636,8.48,16.24,0.287,2.42,2192.7,1.239367,1.489337,6.112137,13.069994,1.340148,2.588412
0.109,0.032699,5.93,15,0.285,2.62,2225.9,1.542377,2.450458,9.86513,21.858737,5.143648,8.259141
0.147,0.044366,8.64,20.11,0.44,2.983,4784.1,0.618296,0.474006,1.045005,1.102512,0.461995,0.392765
0.136,0.041045,7.64,18.18,0.605,4.433,4717.6,0.704385,0.646075,0.770374,0.542158,0.363297,0.163837
0.109,0.032871,7.72,15.67,0.251,2.296,2325.6,1.318677,1.419987,3.849179,10.796965,2.654116,3.532734
0.103,0.031084,6.63,13.87,0.275,2.661,2259.1,1.266824,2.578278,5.015547,5.893382,3.47022,2.075001
0.108,0.032455,5.85,14.78,0.265,2.454,2524.9,2.40721,4.650074,7.740741,12.780531,5.15603,5.353681
0.101,0.030444,6.77,14.21,0.259,2.565,2259.1,1.03911,2.712911,8.320218,7.149416,6.032701,5.177279
0.139,0.041967,10.79,18.71,0.399,2.859,2823.9,0.851096,0.569472,1.34111,0.58383,0.26402,0.375718
0.138,0.041542,9.65,17.91,0.497,3.602,4617.9,0.848136,0.754762,0.815008,1.206467,0.413585,0.644963
0.145,0.04373,7.69,20.08,0.537,3.696,4617.9,1.026984,1.155757,1.695621,1.167291,0.541422,1.024036
0.135,0.040562,9.31,18.19,0.415,3.077,2558.1,1.162403,1.286225,1.636156,2.523318,0.988382,1.234555
0.136,0.041027,7.3,19.07,0.484,3.55,5614.6,0.894821,0.953135,0.776581,1.652354,0.503992,0.711486
0.124,0.037205,8.86,18.18,0.28,2.267,2292.4,0.981129,1.345788,2.361435,12.79583,0.981391,5.212293
0.152,0.045683,6.18,20.19,0.409,2.692,5946.8,0.659997,0.445445,0.573752,2.006777,0.216989,0.87531
0.092,0.027776,4.46,13.09,0.264,2.856,2159.5,3.661776,4.673388,3.535436,7.38334,7.462289,1.575589
0.146,0.043928,10.91,21.48,0.474,3.247,4152.8,0.484598,0.499752,0.45055,0.351919,0.454404,0.321993
0.124,0.037392,9.99,16.87,0.372,2.994,2425.3,0.823972,0.682711,0.581269,1.103674,0.216789,0.300761
0.099,0.029691,6.21,13.81,0.263,2.67,2558.1,0.778257,0.608018,3.970517,2.890219,0.474289,0.759444
0.134,0.040413,13.04,18.76,0.439,3.267,5249.2,0.996761,0.823959,1.0341,1.318163,0.305706,0.675871
0.151,0.045517,17.89,19.43,0.391,2.583,4019.9,1.074662,1.119945,1.704295,1.279577,0.085648,0.556397
0.154,0.046331,7.6,20.7,0.466,3.025,4152.8,0.75875,0.587881,0.655829,1.760612,0.194599,0.795198
0.1,0.030033,5.55,13.54,0.301,3.015,2458.5,0.9054,1.01955,2.525741,3.844921,0.794759,1.303395
0.143,0.043038,5.16,20.11,0.474,3.318,4584.7,0.622121,0.627784,0.850713,0.552969,0.275037,0.590935
0.099,0.029763,5.82,13.52,0.245,2.478,2059.8,1.851891,3.109314,5.545646,9.998056,6.62479,4.684153
0.098,0.029453,2.47,12.86,0.271,2.773,2292.4,0.690052,1.444342,12.723554,8.803376,3.933563,5.950798
0.132,0.039693,12.14,17.52,0.486,3.689,3920.3,0.695267,0.808047,0.494833,0.591988,0.533695,0.387387
0.148,0.044446,13.67,20.72,0.432,2.923,4318.9,0.921748,0.687463,0.600472,2.774016,0.358298,0.984373
0.12,0.036089,7.5,16.3,0.328,2.736,2491.7,1.109521,1.314221,1.779333,8.354133,2.24515,3.205228
0.143,0.043176,2.99,19.03,0.413,2.88,3222.6,0.869665,0.56439,1.050324,1.542254,0.071447,0.797587
0.135,0.04071,4.34,18.21,0.586,4.334,3887,0.943011,0.884866,1.325365,1.359244,0.409879,0.859633
0.144,0.043229,6.87,21.18,0.415,2.892,4086.4,1.457057,3.104192,3.650639,4.083883,5.454929,0.752042
0.119,0.035897,7.58,17.66,0.353,2.959,2093,0.580085,0.666747,1.312901,0.829607,0.296073,0.367561
0.104,0.031187,6.34,14.71,0.254,2.448,2093,1.33034,4.100874,6.576085,11.134475,4.406257,3.736662
0.124,0.037471,2.39,17.48,0.396,3.18,4916.9,0.706442,0.649567,1.334231,1.399171,0.413535,0.553203
0.109,0.032659,4.76,14.25,0.272,2.503,2259.1,1.91058,2.74971,3.685985,12.709477,4.408567,3.978217
0.114,0.034272,8.94,15.59,0.278,2.439,2358.8,0.695459,0.549544,5.028431,5.886718,2.669485,2.745453
0.122,0.036767,8.18,17.56,0.291,2.38,2358.8,1.822369,0.916156,4.814735,27.383077,1.912712,12.348395
0.142,0.042845,12.47,20.89,0.566,3.974,4219.3,0.585652,0.66592,1.177911,0.556699,0.370594,0.494194
0.147,0.04423,11.15,21.1,0.458,3.115,5448.5,0.654572,0.885196,1.37997,1.975545,0.892525,0.395157
0.101,0.030319,5.92,13.32,0.257,2.548,2059.8,2.260187,4.096484,6.008942,11.540131,3.826727,3.353838
0.141,0.042496,5.71,21.23,0.355,2.515,3687.7,1.025693,0.695726,1.16497,1.2793,0.170077,0.114006
0.116,0.035037,9.51,16.4,0.299,2.565,2325.6,1.231623,1.254966,8.434351,10.712406,1.016271,5.589607
0.146,0.043861,12.79,19.8,0.455,3.125,4219.3,0.853731,0.800927,0.583716,1.579506,0.413537,0.438657
0.122,0.036854,8.93,17.36,0.388,3.172,2392,1.141029,1.486408,1.468909,1.543961,1.136494,0.715739
0.137,0.041194,10.95,19.52,0.438,3.2,4717.6,1.26268,0.325568,0.422456,1.627428,0.732639,0.536985
0.112,0.033809,9.44,15.46,0.284,2.532,2458.5,0.958844,0.648534,0.820398,2.037164,0.716158,0.85263
0.109,0.032765,6.53,14.82,0.29,2.661,2757.5,1.404712,1.461408,2.830544,3.230491,1.102156,1.785734
0.147,0.044341,10.97,22.17,0.393,2.668,4817.3,1.012077,0.654447,0.682622,1.887983,0.340648,0.839168
0.149,0.044935,11.2,20.39,0.539,3.609,5514.9,0.937088,0.46206,1.071756,1.216336,0.878834,0.535019
0.138,0.04159,5.96,19.99,0.398,2.879,3521.6,0.692533,0.845643,1.053554,1.705324,0.586462,0.578907
0.136,0.04099,11.64,20.83,0.543,3.99,4019.9,0.776238,0.611929,0.923816,1.164321,0.552068,0.652831
0.107,0.032096,6.76,16.49,0.286,2.686,2059.8,1.682782,1.22563,6.124975,5.939565,2.173474,1.957849
0.113,0.03393,6.4,15.56,0.282,2.501,2392,0.341944,0.904149,4.483854,3.935135,2.047202,2.092422
0.117,0.035186,8.67,16.72,0.293,2.504,2724.3,0.580524,0.448893,3.29179,5.125917,0.828313,1.906013
0.113,0.034097,7.86,15.74,0.261,2.301,2059.8,1.571896,1.717159,4.574058,7.631616,1.748961,2.579092
0.103,0.030875,6.7,14.72,0.307,2.992,2857.1,0.532062,2.122258,5.920005,15.175938,3.915016,4.636034
0.116,0.034982,7.73,16.94,0.291,2.507,2358.8,2.662729,4.260543,6.686227,11.321442,2.002812,6.093047
0.138,0.041414,12.87,18.94,0.423,3.073,4617.9,0.804532,0.673568,0.771056,1.278658,0.293068,0.58486
0.1,0.030032,5.45,14.02,0.266,2.663,1960.1,2.611329,2.618821,2.842041,5.382224,2.535093,2.324005
0.132,0.039613,10.33,18.12,0.403,3.062,2026.6,1.228486,1.023266,2.658009,2.261596,0.651794,1.204857
0.1,0.030061,5.52,14.16,0.28,2.806,2259.1,0.718884,1.358621,3.384076,3.447028,2.36467,1.676709
0.135,0.040672,5.63,18.95,0.447,3.31,4950.2,1.108421,0.974922,1.72137,1.031742,0.667773,0.756231
0.107,0.032105,3.29,14.31,0.259,2.428,2259.1,0.431928,0.788263,5.355669,4.801591,1.312196,3.223744
0.101,0.030351,5.08,14.36,0.299,2.964,2159.5,1.424706,0.81051,3.053917,3.454568,2.378176,1.261044
0.145,0.043679,12.88,20.46,0.402,2.772,3654.5,0.906721,0.747024,0.837787,1.455585,0.292088,0.327283
0.136,0.040798,6.44,19.19,0.397,2.93,3787.4,0.851612,0.893247,0.970142,1.388343,0.213128,0.8163
0.126,0.037848,10.88,17.83,0.297,2.36,2126.2,0.61366,1.225679,4.514481,7.091902,0.949607,1.509445
0.137,0.041111,7.32,19.34,0.48,3.512,5083.1,0.596552,0.649637,0.752368,1.490471,0.278483,0.313529
0.093,0.028113,6.13,13.58,0.269,2.881,2225.9,1.002039,2.539348,5.39552,4.525707,4.734635,1.279043
0.12,0.036074,7.89,16.02,0.552,4.607,4285.7,1.310968,1.665286,6.205439,6.254128,3.345448,2.714619
0.141,0.042537,7.24,19.66,0.439,3.109,4385.4,0.605775,0.533272,1.113141,1.479528,0.248658,0.939391
0.101,0.030406,5.46,14.72,0.264,2.616,2192.7,0.926193,1.379648,2.726195,6.112475,1.374597,1.976065
0.126,0.037925,10.51,17.85,0.414,3.286,4418.6,0.881064,1.305746,0.663131,1.248916,0.576795,0.49034
0.115,0.034671,7.65,16.85,0.296,2.574,2192.7,0.454348,1.689482,7.501293,17.193854,2.723788,6.985429
0.135,0.040562,9.11,18.59,0.407,3.023,5747.5,0.923433,0.661272,1.364003,1.043389,0.659669,0.342301
0.102,0.030649,5.19,13.82,0.286,2.809,2491.7,0.778954,1.637519,8.668915,19.901743,5.715906,6.692482
0.137,0.041258,9.63,19.51,0.424,3.091,4617.9,1.141563,0.697894,1.358015,1.81804,0.795758,0.61881
0.14,0.042219,2.72,20.63,0.571,4.069,3953.5,0.813517,0.801319,0.880782,0.654138,0.373272,0.624635
0.144,0.043276,5.62,19.44,0.38,2.645,5348.8,1.03164,0.760146,1.355871,2.382834,0.306584,0.840359
0.137,0.041366,11.61,18.86,0.375,2.728,3588,0.840178,0.597795,1.527688,1.144043,0.450162,0.515852
0.11,0.033054,6.3,15.6,0.279,2.54,2392,0.762996,0.898141,1.999015,5.320119,1.507665,2.295396
0.11,0.03297,8.43,15.46,0.271,2.478,2259.1,0.933967,0.997194,5.740143,8.053915,1.776131,2.245094
0.112,0.033816,7.44,16.62,0.262,2.328,2358.8,3.298825,2.42903,8.868641,16.445104,3.237494,6.734049
0.097,0.029159,5.26,14.53,0.271,2.794,2059.8,0.72006,1.557123,4.027749,6.296059,2.463914,3.01646
0.149,0.044872,11.77,19.18,0.44,2.948,4883.7,0.716907,0.771909,0.554474,0.462897,0.768041,0.348399
0.14,0.042066,9.32,18.34,0.434,3.105,5448.5,0.718493,0.618531,0.88976,1.978652,0.477364,1.028449
0.098,0.029564,5.29,13.91,0.277,2.819,2325.6,1.161008,0.87268,6.443739,6.179716,3.309198,3.092636
0.142,0.042677,5.66,19.72,0.46,3.245,4352.2,0.960501,0.628732,1.06307,2.040581,0.27321,0.983737
0.149,0.044908,11.21,22.6,0.487,3.261,3156.1,1.494189,1.284974,1.416033,2.227958,0.338307,0.716132
0.145,0.04361,10.67,20.51,0.429,2.961,4651.2,0.585556,0.838399,1.209037,1.222555,0.34506,0.614315
0.104,0.031327,7.18,14.74,0.316,3.035,1926.9,1.149315,1.815407,5.307151,1.202875,2.218642,1.393826
0.145,0.0436,4.87,21.55,0.488,3.372,4584.7,0.506044,0.716604,0.90651,1.174397,0.593454,0.320442
0.119,0.035942,9.17,18.59,0.306,2.563,2259.1,2.858534,2.49326,3.580919,4.288044,1.722013,1.808293
0.104,0.031184,7.86,14.61,0.279,2.696,2292.4,0.964298,0.380551,0.527811,1.401459,0.33319,0.320696
0.155,0.046679,5.65,20.74,0.499,3.215,4684.4,0.951043,0.613367,0.621212,1.611873,0.389523,0.949639
0.117,0.035082,9.19,15.2,0.309,2.654,2558.1,1.879703,1.604676,6.605873,7.561631,1.068639,3.98865
0.129,0.03885,11.04,18.02,0.391,3.031,2358.8,1.01798,0.852227,1.132912,1.147416,0.271597,0.520409
0.127,0.038253,9.26,17.81,0.311,2.447,2192.7,1.356792,2.902208,7.509978,30.617884,2.235092,12.489729
0.135,0.040593,5.32,18.94,0.449,3.331,4717.6,1.349451,0.884039,1.550479,2.952751,1.580041,1.04322
0.146,0.043837,12.7,19.89,0.598,4.104,3920.3,0.30839,0.082925,0.47481,0.467677,0.222439,0.280137
0.126,0.038059,10.85,17.35,0.339,2.681,2458.5,0.96596,1.036725,0.497403,0.967988,0.796454,0.697538
0.135,0.040516,13.68,17.18,0.411,3.054,2890.4,0.488632,0.256904,0.413954,0.608002,0.491418,0.280791
0.12,0.035995,8.55,17.15,0.328,2.744,2392,1.294451,1.037985,3.075488,14.221947,2.071485,5.305234
0.113,0.033952,7.08,16.13,0.292,2.59,2358.8,0.79308,0.889882,2.256301,8.098692,1.151297,3.223451
0.145,0.043595,13.65,21.34,0.455,3.142,4584.7,1.078553,0.622847,1.783794,2.524035,0.220422,1.390353
0.112,0.03367,7.61,15.51,0.267,2.387,1926.9,0.828336,0.912924,1.15658,1.130866,0.274966,0.936177
0.113,0.034155,8.35,16.09,0.291,2.564,2292.4,0.877175,0.857572,3.22609,2.874411,1.316415,0.594564
0.131,0.039485,12.38,18.94,0.487,3.711,4352.2,1.092161,1.121952,1.481903,1.097933,0.857801,0.987466
0.146,0.043896,6.9,22.42,0.533,3.653,3887,1.122206,0.830458,1.271568,2.588275,0.363581,0.749219
0.093,0.02803,6.58,13.86,0.266,2.852,1960.1,0.988898,1.105951,4.996132,3.191386,5.544165,1.224067
0.139,0.041965,13.71,19.25,0.421,3.023,2790.7,0.889208,0.806168,1.389108,1.214763,0.304112,0.928983
0.111,0.033541,7.34,15.73,0.265,2.375,2259.1,2.397969,2.41337,11.357982,18.88066,1.390736,3.114081
0.104,0.031327,6.99,15.66,0.266,2.552,3089.7,1.506336,1.591987,2.701791,4.367258,2.15621,1.482667
0.111,0.033311,6.1,14.5,0.305,2.758,2026.6,0.997494,2.029095,4.142346,2.068635,1.697769,1.190563
0.136,0.04088,13.19,19.79,0.571,4.205,4617.9,0.836343,0.863356,0.923656,0.59025,0.602726,0.536353
0.135,0.040543,8.65,19.79,0.429,3.187,4750.8,0.850654,0.730137,1.233983,1.514583,0.375814,0.504137
0.138,0.041632,7.23,20.04,0.417,3.017,4651.2,1.260775,0.876245,1.288388,1.755333,0.849103,1.139986
0.134,0.040218,11.93,18.61,0.385,2.881,3554.8,0.771644,0.857101,1.123971,1.089514,0.211737,0.357524
0.143,0.042931,6.4,19.96,0.401,2.813,5847.2,0.770887,0.736084,1.74893,1.461014,0.401608,0.769176
0.117,0.035344,7.16,15.58,0.33,2.813,2259.1,0.718069,1.044357,3.150744,2.171717,1.083075,0.671516
0.132,0.039799,10.87,18.44,0.393,2.973,4152.8,1.258737,1.093183,2.107885,1.215938,0.478381,0.697301
0.109,0.032951,8.39,16.24,0.286,2.612,2425.2,3.06306,2.246573,15.148784,17.3546,4.897776,4.250227
0.148,0.044571,16.02,21.02,0.43,2.906,4717.6,0.275146,0.513803,0.862688,1.65531,0.485414,0.717406
0.111,0.033287,5.04,15.02,0.271,2.451,2225.9,1.387213,1.876729,8.556432,5.849613,1.667004,3.800911
0.13,0.03904,6.74,18.93,0.371,2.863,3720.9,0.608336,0.559137,1.67056,1.35459,0.710194,0.601349
0.121,0.03633,10.78,17.36,0.309,2.558,2790.7,0.6202,1.548441,4.740301,4.871249,0.793809,2.273054
0.14,0.042178,5.18,18.93,0.496,3.542,4086.4,0.855112,0.389168,0.593779,0.948998,0.495445,0.451229
0.118,0.035507,5.7,16.16,0.277,2.35,2093,1.274652,1.011382,6.31747,6.265092,1.452144,3.77055
0.11,0.033029,6.69,17.73,0.264,2.402,1993.4,4.135438,3.002484,7.997631,21.115694,5.701099,9.674773
0.133,0.040156,8.01,19.6,0.46,3.447,5215.9,0.970619,0.768489,1.575621,1.482788,0.622264,0.239565
0.113,0.034152,8.31,18.05,0.258,2.273,2325.6,1.100755,2.03669,2.345557,10.686375,2.632901,3.860969
0.118,0.035459,7.38,17,0.408,3.461,2657.8,1.172685,1.20578,1.491476,2.186846,0.904511,0.693479
0.146,0.043917,4.39,20.44,0.377,2.583,4983.4,0.832346,0.565162,1.561366,1.662494,0.247792,1.009093
0.1,0.030211,8.12,15.87,0.275,2.744,2392,1.903695,1.640668,10.64014,6.570007,4.954715,4.894594
0.136,0.040911,15.71,21.64,0.439,3.228,4684.4,0.760566,0.558808,1.429209,1.444448,0.584593,0.450197
0.119,0.035918,6.68,18.96,0.285,2.388,2126.2,0.978262,1.174081,2.575021,13.311291,0.874968,5.292831
0.149,0.044946,6.6,21.59,0.574,3.845,4019.9,1.136514,1.006933,0.540526,1.803003,0.576081,0.989104
0.112,0.033735,4.13,16.87,0.273,2.437,2192.7,1.035957,1.09046,4.598064,10.882958,2.650516,3.588373
0.148,0.044415,12.92,24.23,0.405,2.747,5249.2,0.712861,0.466669,1.957317,1.584178,0.828666,1.149105
0.138,0.041597,9.64,21.3,0.443,3.205,4584.7,0.718873,0.592742,1.239596,2.382773,0.441674,0.376141
0.137,0.041369,7.61,22.9,0.358,2.606,4784.1,0.959272,0.989503,0.607365,2.302033,0.356215,0.915657
0.143,0.042991,9.85,24.15,0.476,3.33,4651.2,1.00946,0.618947,0.877903,0.530609,0.491603,0.883454
0.12,0.036198,8.27,20.75,0.282,2.345,2757.5,1.725033,1.097479,3.958699,21.842011,2.086786,10.21522
0.138,0.04158,9.25,22.44,0.412,2.98,5083.1,0.848687,0.461834,0.591146,0.997664,0.725602,0.65614
0.13,0.039204,12.87,19.61,0.362,2.776,2259.1,1.112878,0.543197,1.50318,1.779554,0.43686,0.605401
0.119,0.035828,8.7,18.1,0.413,3.471,2392,0.850652,1.044188,1.560489,2.305592,1.035802,0.64288
0.127,0.038124,4.44,20.42,0.393,3.103,4784,0.800053,0.772143,0.330854,0.725479,0.404963,0.679612
0.113,0.033888,2.56,16.66,0.271,2.404,2192.7,0.987057,3.468457,13.537835,13.561015,5.025469,7.781238
0.098,0.029408,9.66,14.77,0.29,2.964,2259.1,0.580795,3.247559,7.646127,7.847118,4.255864,1.948143
0.103,0.031129,8.84,16.1,0.273,2.644,2524.9,1.574297,2.259139,2.323477,5.049025,1.893388,2.544911
0.116,0.034803,10.33,18.99,0.277,2.392,2591.4,0.868272,1.012258,5.519759,6.709715,0.996833,3.275287
0.143,0.043144,7.92,23.46,0.368,2.566,2956.8,1.039136,0.586935,0.804902,1.842859,0.347623,0.653403
0.122,0.036663,10.52,16.62,0.359,2.946,2923.6,1.307773,1.264005,3.76833,2.436099,1.683295,0.919718
0.098,0.029568,6.51,14.28,0.249,2.535,2059.8,2.706631,2.885725,5.069684,15.523869,3.311736,3.736463
0.137,0.041322,10.75,20.56,0.464,3.38,4019.9,0.594927,0.597352,0.672264,1.532699,0.574163,0.850914
0.134,0.040318,6.09,20.39,0.486,3.626,4451.8,0.813791,0.939025,0.942078,1.664817,0.606201,0.680057
0.114,0.034332,7.56,17.95,0.278,2.438,2126.2,3.656168,3.226135,16.853165,23.089818,3.746257,12.932404
0.097,0.029246,5.42,14.96,0.249,2.558,1926.9,1.325171,2.013743,4.377324,4.441522,2.581142,1.854496
0.109,0.03267,4.34,15.28,0.327,3.014,2126.2,2.716987,4.485522,23.084189,17.189641,8.629337,13.519228
0.139,0.041726,11.01,18.61,0.399,2.875,3920.3,1.139447,1.067097,2.100654,2.519996,0.428768,1.13464
0.128,0.03841,6.25,20.91,0.406,3.181,2890.4,0.935462,0.974243,0.691281,0.506486,0.468403,0.362544
0.132,0.039809,11.47,21.08,0.397,3.005,4019.9,0.594006,0.803318,0.369934,0.715263,0.077845,0.527361
0.129,0.038826,8.08,20.66,0.381,2.951,2790.7,1.092104,0.985065,0.578396,4.109402,0.4259,1.562771
0.132,0.039801,2.5,19.73,0.45,3.404,4584.7,0.599851,0.780635,0.600337,0.568622,0.480229,0.506953
0.135,0.040738,6.87,17.79,0.456,3.369,4584.7,0.848925,0.839277,1.579023,1.819933,0.560154,1.097672
0.141,0.042439,13.2,18.55,0.394,2.795,4219.3,0.870554,0.743679,1.353972,1.679435,0.68654,0.915231
0.121,0.036527,6.5,20.83,0.272,2.243,1926.9,0.505979,1.834777,3.923521,16.856901,1.531022,7.78283
0.118,0.035543,6.79,16.82,0.279,2.363,2259.1,3.051896,3.252026,5.689629,7.370063,0.87652,3.80891
0.121,0.036334,8.61,17.61,0.352,2.918,2159.5,0.991438,1.048724,3.463361,4.403154,0.999601,1.080666
0.103,0.030932,4.72,21.46,0.285,2.771,2026.6,4.88753,6.056642,9.267999,11.337231,7.166983,4.172504
0.142,0.042696,10.72,19.05,0.421,2.969,4916.9,1.103893,0.889368,0.46171,1.819289,0.420496,0.856108
0.143,0.043109,12.87,20.54,0.448,3.129,5382.1,0.851608,0.839641,2.70481,0.830946,1.229208,0.212288
0.105,0.031624,7.59,14.19,0.274,2.606,1960.1,0.486064,0.483891,5.777518,6.869999,1.696224,2.665598
0.122,0.036728,8.53,16.51,0.335,2.749,2292.4,1.497079,1.079625,2.627617,6.461166,0.843557,2.039299
0.127,0.038309,4.54,18.24,0.472,3.707,4617.9,1.149784,0.844501,0.615261,0.817619,0.248253,0.606576
0.143,0.043055,5.85,21.78,0.366,2.561,4418.6,0.896286,0.837049,0.948474,2.267369,0.143507,0.810722
0.126,0.038071,8.5,18.6,0.366,2.892,2093,2.26899,2.681679,2.84095,10.180302,1.326934,3.410319
0.117,0.035117,8.19,17.44,0.303,2.593,2392,2.313313,2.64796,3.24674,6.171124,0.579764,1.566058
0.116,0.035062,6.79,16.82,0.269,2.309,2159.5,0.932374,1.134772,4.476973,10.960397,1.961839,5.106769
0.099,0.029838,3.88,13.67,0.254,2.563,2591.4,2.153756,1.603884,2.961311,3.464526,1.839912,2.650403
0.145,0.043683,10.89,26.31,0.538,3.707,4584.7,0.722456,1.024202,0.52633,1.7665,0.310804,0.505668
0.146,0.043856,7.72,20.56,0.388,2.661,4617.9,1.780645,1.692444,0.261784,0.124404,0.541604,0.677079
0.143,0.042918,7.13,20.51,0.444,3.114,4385.4,1.032643,0.48578,0.518287,1.059361,0.552571,0.320644
0.106,0.031901,5.66,16.13,0.299,2.821,2524.9,0.957242,2.04241,5.602892,7.336209,2.297517,1.898529
0.099,0.029839,5.84,16.57,0.272,2.743,2026.6,1.119235,1.240334,7.17339,13.060685,2.681008,4.995362
0.151,0.045573,10.94,22.77,0.475,3.135,4551.5,1.088348,0.935058,0.584953,0.925532,1.003541,0.207734
0.155,0.046668,12.03,25.36,0.477,3.075,4186.1,0.260276,0.240669,1.457787,2.044413,0.532857,0.466149
0.137,0.04109,6.99,18.83,0.403,2.955,3089.7,1.13949,1.014772,0.613675,1.471449,0.53272,0.921857
0.145,0.043668,13.04,20.53,0.426,2.938,4418.6,0.755414,1.22106,2.048812,1.303784,0.359554,0.769777
0.112,0.033675,6.13,16.92,0.269,2.406,2159.5,1.300268,1.488805,8.625577,13.996124,3.745644,6.926539
0.112,0.033667,8,16.26,0.282,2.525,2292.4,0.902981,2.039332,9.646533,15.639925,4.313697,7.34943
0.097,0.029259,6.69,13.82,0.268,2.756,2192.7,0.688153,1.948711,3.748517,2.941624,1.161678,2.42198
0.106,0.031771,3.09,13.27,0.27,2.556,2259.1,3.495542,4.236874,31.748216,25.271757,10.588351,17.071069
0.144,0.043248,9.77,24.84,0.421,2.931,4784.1,0.614453,0.676904,1.45898,2.042484,0.195543,0.715777
0.147,0.044117,5.45,20.7,0.419,2.858,4451.8,0.869078,0.595109,0.964594,1.13544,0.727108,1.002934
0.112,0.033615,6.76,15.66,0.267,2.391,2292.4,1.094924,1.520211,3.607232,9.00995,1.747172,3.000398
0.143,0.043184,11.83,23.18,0.427,2.975,3588,0.835132,0.99126,1.046047,0.717104,0.279556,0.236592
0.151,0.045355,13.44,23.81,0.603,4.003,4252.5,0.642652,0.710764,1.529065,1.018035,0.245106,0.732956
0.111,0.033551,5.9,17.97,0.286,2.563,2192.7,1.63043,1.50785,4.771494,10.938378,2.415454,3.616761
0.156,0.046828,12.61,25.32,0.394,2.532,1893.7,0.350632,0.387809,0.616061,0.665495,0.603229,0.24895
0.142,0.042805,8.33,20.46,0.405,2.847,5049.8,0.872528,0.87098,1.153656,2.886732,0.466104,1.326584
0.106,0.031896,5.68,18.95,0.292,2.754,1893.7,1.164449,0.999113,3.688747,3.922148,1.109387,1.85565
0.106,0.031843,6.48,14.45,0.268,2.533,2823.9,0.522958,1.926085,3.429462,3.708142,1.553164,2.030707
0.102,0.030789,7.55,16.93,0.27,2.642,2524.9,2.363155,3.338335,11.267774,5.354185,5.319974,4.033329
0.138,0.041664,9.49,20.44,0.475,3.432,4152.8,0.787431,0.520886,1.010467,0.593697,0.185578,0.382538
0.125,0.037669,7.69,17.6,0.407,3.25,6212.6,0.764185,0.778464,3.737567,3.982671,1.294175,0.855941
0.139,0.041927,10.09,18.56,0.493,3.542,4916.9,0.615863,0.671124,0.82186,0.921518,0.227614,0.52332
0.112,0.033617,8.11,16.78,0.255,2.279,2325.6,1.258553,0.964881,1.356016,1.994371,0.709353,0.288459
0.115,0.034529,9.47,16.32,0.278,2.424,2159.5,1.68227,1.575009,9.316103,8.463274,1.500167,4.746511
0.111,0.033392,6.02,16.16,0.303,2.731,2325.6,0.974968,0.799714,6.659365,14.589827,3.502005,6.794226
0.13,0.038998,11.17,18.97,0.489,3.772,3953.5,0.702687,0.431418,1.378865,1.178096,0.307185,0.546011
0.135,0.040738,8.46,22.03,0.44,3.252,5249.2,1.106276,1.095608,1.531907,1.164288,0.281502,0.457157
0.122,0.03661,4.89,18.05,0.304,2.501,2059.8,1.99955,1.361162,4.770979,8.294153,1.500011,2.771193
0.124,0.037279,9.64,17.87,0.358,2.89,2624.6,1.080683,0.892787,1.733787,5.104306,0.9514,1.431374
0.123,0.036886,7.41,19.35,0.318,2.593,2259.1,1.583747,1.470684,1.943654,7.873347,1.465879,3.009009
0.103,0.031065,2.98,14.69,0.279,2.706,2524.9,1.794433,2.097981,5.165892,6.778808,2.386619,2.309352
0.125,0.037492,2.77,17.47,0.384,3.08,4916.9,0.842038,0.634224,0.526657,0.696024,0.546499,0.400723
0.125,0.037773,8.51,17.46,0.361,2.878,2325.6,1.335699,1.560856,1.725033,7.933905,1.608806,2.891391
0.139,0.041773,11.06,20.86,0.445,3.205,4418.6,0.932495,0.942977,0.981546,1.090148,0.369062,0.844276
0.143,0.043162,6.31,20.63,0.481,3.358,4551.5,0.886615,0.863729,0.944437,2.329299,0.397435,1.277574
0.149,0.044965,9.12,21.5,0.405,2.709,4717.6,0.759434,0.678038,0.61725,1.779215,0.381587,0.475406
0.093,0.028101,2.62,13.23,0.255,2.735,2026.6,3.535062,3.84513,6.990059,12.250196,11.07038,4.240351
0.113,0.034106,4.79,17.25,0.272,2.399,2292.4,0.689088,0.536655,4.589883,4.139761,1.535508,2.466999
0.139,0.041806,9.71,19.41,0.483,3.476,4019.9,0.901362,0.732516,0.759874,1.179154,0.478093,0.837129
0.156,0.046914,7.8,21.97,0.421,2.701,4152.8,0.3953,0.425879,1.156246,1.034195,0.21226,0.768071
0.113,0.033998,8.7,16.7,0.375,3.318,4019.9,1.114694,1.189841,4.593724,5.22182,1.909111,3.449068
0.142,0.042793,13.71,22.17,0.484,3.404,4883.7,1.017146,0.557217,1.503908,1.087138,0.255181,0.581117
0.135,0.040611,7.06,19.82,0.432,3.2,4186.1,0.695155,0.698989,0.892374,1.568629,0.392058,0.567295
0.138,0.04162,5.58,17.84,0.44,3.185,4385.4,0.620508,0.730745,1.012733,1.584176,0.250853,0.862675
0.134,0.040394,7.37,19.09,0.409,3.049,5647.8,0.823992,0.798171,0.641389,0.749451,0.356116,0.389874
0.142,0.042818,11.34,19.65,0.471,3.31,4086.4,1.263851,1.047711,1.208796,1.093142,0.628958,0.818707
0.141,0.042533,10.66,20.48,0.42,2.972,4784.1,0.665198,0.468552,0.934777,1.746009,0.161447,0.914962
0.148,0.044664,3.88,20.18,0.48,3.234,4551.5,0.792967,0.469247,1.296417,1.480213,0.392752,0.505805
0.128,0.038588,12.51,18.49,0.391,3.052,2358.8,0.805422,1.518843,2.116237,3.492539,0.631769,1.395998
0.111,0.033361,6.41,16.03,0.257,2.323,2624.6,0.928719,1.128893,2.814715,3.585007,1.614878,0.395991
0.142,0.042623,11.04,19.9,0.49,3.463,4219.3,1.21209,1.10713,1.183134,1.388463,0.328733,0.604577
0.115,0.034706,7.54,16.44,0.256,2.219,2259.1,1.868452,2.75928,10.365932,16.94563,1.598795,5.414344
0.119,0.035817,7.61,16.99,0.273,2.297,2093,1.157138,1.115264,6.136175,5.036823,0.920209,2.837488
0.13,0.039147,8.76,19.3,0.4,3.079,2425.2,1.170576,1.398168,0.669952,1.26295,0.554742,0.401987
0.118,0.035445,11.52,15.88,0.311,2.643,2093,4.078214,6.353519,18.898101,17.628819,3.808191,7.272317
0.138,0.041668,12.74,20.9,0.383,2.766,2691,0.925906,1.258777,1.220443,1.474469,0.670628,0.424537
0.137,0.04113,7.86,19.31,0.449,3.285,4119.6,1.0361,0.651147,0.754908,0.830625,0.406859,0.812344
0.116,0.035053,6.27,17.1,0.262,2.25,2491.7,1.059155,0.28779,1.070031,0.821367,0.165331,0.394534
0.11,0.033037,9.77,15.4,0.263,2.392,2159.5,2.548198,2.111736,9.820898,35.055155,6.882362,12.473238
0.141,0.042573,5.44,19.9,0.561,3.97,5149.5,0.92578,0.83184,1.279331,0.719444,0.605205,0.546718
0.14,0.04214,4.76,19.45,0.388,2.772,4584.7,0.546533,0.485586,0.933065,1.356737,0.754401,0.567238
0.096,0.028776,5.46,13.45,0.265,2.775,2491.7,0.463434,1.76204,1.646547,1.828277,1.884931,0.959369
0.141,0.04237,7.67,20.23,0.591,4.198,4916.9,1.026063,1.128716,1.234704,2.136457,0.208008,1.004174
0.12,0.03611,7.33,17.09,0.251,2.09,2591.4,0.888984,0.969178,2.963656,8.93484,1.585966,3.481194
0.141,0.042451,14.91,19.28,0.378,2.683,4119.6,1.253111,0.825663,1.539536,1.079769,0.863951,0.625157
0.148,0.044482,7.1,21.09,0.506,3.422,5049.8,0.707803,0.541917,0.867775,1.928518,0.416385,0.592302
0.153,0.045977,11.23,22.14,0.566,3.706,4750.8,0.641701,0.664235,0.759963,1.893209,0.307652,0.89689
0.115,0.034514,4.98,16.93,0.262,2.288,2292.4,2.701774,2.779916,10.066413,12.634591,1.368046,6.68895
0.121,0.036285,12.76,17.17,0.338,2.808,2259.1,0.647125,0.571652,3.917791,2.594642,1.111529,0.975913
0.126,0.037907,9.66,18.75,0.407,3.23,3156.1,0.650813,0.465996,0.772811,0.491833,0.560823,0.162297
0.1,0.03001,3.83,13.99,0.273,2.739,2192.7,1.648989,2.316747,4.120858,5.872399,1.605332,1.2721
0.11,0.033159,8.37,15.38,0.371,3.367,1760.8,1.436202,1.446876,2.847586,4.573265,1.827691,1.050126
0.152,0.045826,9.38,23.46,0.479,3.148,4551.5,0.966997,0.804581,0.586808,2.69266,0.640898,1.342836
0.147,0.044097,6.72,20.25,0.586,4.002,4916.9,0.856264,0.617342,1.245927,1.376155,0.629546,0.732649
0.108,0.032497,6.62,14.95,0.266,2.463,2026.6,0.688466,1.045844,3.57743,8.462943,1.870721,3.387351
0.137,0.041241,5.76,17.94,0.463,3.376,4418.6,0.683693,0.859663,1.253983,1.270162,1.023221,0.625579
0.141,0.04236,9.15,18.53,0.401,2.848,4219.3,0.708902,0.661482,0.574696,1.713915,0.182091,0.753372
0.119,0.035927,7.84,16.55,0.308,2.578,2558.1,1.651276,2.739316,11.06984,16.195007,0.592846,9.625005
0.12,0.036061,7.59,16.61,0.29,2.419,2093,0.885926,0.799932,5.919384,4.958197,1.357517,3.353526
0.13,0.039108,7.01,18.24,0.384,2.957,3156.1,1.083238,1.221816,1.236514,2.495954,0.167491,1.011884
0.142,0.042678,11.91,19.47,0.404,2.851,4983.4,1.398743,1.045291,0.941792,1.321213,0.332752,0.387166
0.125,0.037685,11.86,18.23,0.386,3.08,3953.5,1.607218,2.00575,3.439939,5.016005,0.144608,1.161313
0.146,0.044028,8.43,20.59,0.401,2.738,5083.1,0.942956,0.712336,0.732493,3.06049,0.398685,1.330395
0.111,0.033517,10.36,16.81,0.294,2.638,2657.8,3.139683,3.868777,6.880334,11.095775,3.825759,2.520818
0.113,0.033912,5.83,16.02,0.272,2.418,2259.1,0.846481,1.122426,6.899827,8.650033,1.358681,4.121951
0.099,0.02971,6.28,14.16,0.262,2.65,2458.5,2.181605,3.330865,4.752842,8.952875,4.865068,3.289328
0.121,0.036568,7.48,17.64,0.387,3.186,3554.8,0.399738,0.288521,0.292239,0.152831,0.369983,0.213611
0.132,0.039745,10.75,18.69,0.386,2.925,4119.6,0.803289,0.544827,0.509424,0.725466,0.400818,0.315697
0.143,0.042941,6.4,19.08,0.46,3.227,4950.2,0.849473,0.97134,1.898388,1.439993,0.442373,1.325495
0.115,0.034522,11.9,16.84,0.251,2.184,2192.7,0.887816,1.013625,3.44833,2.829133,0.88545,1.950513
0.129,0.038886,7.57,20.06,0.401,3.106,5116.3,1.054263,0.750406,1.65336,0.79558,1.030882,0.272555
0.109,0.032761,3.89,16.01,0.271,2.493,2325.6,1.041138,0.698934,5.998881,6.827634,2.298252,3.185034
0.147,0.044199,10.44,22.89,0.461,3.14,4451.8,0.609141,0.987199,0.999987,0.922463,0.165073,1.069299
0.111,0.033551,3.62,16.82,0.286,2.566,2425.2,1.788589,3.100398,10.772854,12.470019,5.131227,6.135065
0.113,0.034126,10.38,16.76,0.299,2.639,2425.2,2.266222,3.114523,17.803126,22.962471,3.496332,12.38455
0.105,0.031752,6.44,15.88,0.264,2.504,2259.1,0.636095,1.05182,9.268725,7.070048,2.382708,4.309545
0.142,0.042678,13.56,21.67,0.519,3.659,4850.5,0.785249,0.707067,2.158716,1.509047,0.392945,1.088097
0.144,0.043481,9.17,21.8,0.578,4.004,4252.5,1.091048,1.347934,1.101324,2.089673,0.657646,1.025675
0.15,0.045223,8.03,23.45,0.484,3.22,4551.5,0.879132,0.860113,0.925285,2.615463,0.465993,1.087315
0.139,0.041811,9.25,21.39,0.433,3.118,4352.2,1.14965,0.665994,1.695078,0.462677,1.079424,0.595711
0.149,0.044985,15.79,22.82,0.496,3.317,4784,0.766682,0.809151,0.914421,1.31325,0.461828,0.485839
0.153,0.046004,9.11,22.85,0.582,3.81,4252.5,1.345917,1.047613,0.799865,1.723075,0.736119,0.720749
0.116,0.034826,7.05,17.58,0.266,2.295,2126.3,1.074166,2.663905,4.648353,12.192408,1.134587,3.804233
0.105,0.031748,6.81,15.15,0.302,2.859,2225.9,1.571041,1.5465,4.593585,5.983154,2.099176,2.978343
0.114,0.034231,2.85,17.21,0.406,3.571,2392,0.90501,1.200429,1.6805,2.472168,1.573908,0.590329
0.101,0.030328,7.91,14.82,0.249,2.468,2292.4,0.804192,1.118584,2.536393,6.224405,1.327103,2.218708
0.111,0.033418,6.17,16.55,0.272,2.447,2591.4,1.81101,1.871254,3.206424,5.788541,1.509728,1.619312
0.132,0.039677,11.32,18.9,0.414,3.144,2890.4,1.065292,0.984686,0.428042,1.346669,0.514346,0.444056
0.134,0.040221,4.91,20.09,0.402,3.006,5814,0.600005,0.534324,0.956652,1.726243,0.737465,0.434024
0.151,0.045523,11.5,23.43,0.488,3.23,4850.5,0.608008,0.742561,0.81739,1.854076,0.249151,0.913026
0.1,0.02998,8.2,14.82,0.269,2.698,2358.8,1.022065,0.692181,5.792646,3.061253,1.313152,2.581943
0.144,0.043208,9.03,23.39,0.484,3.369,5249.2,1.030269,1.090579,0.501061,1.780594,0.725061,0.612097
0.139,0.041741,11.86,22.92,0.539,3.888,4086.4,0.951409,0.813001,1.52346,0.999286,0.477204,0.845404
0.132,0.039708,9.51,17.88,0.46,3.484,4983.4,0.742239,1.335432,0.221519,0.997495,1.244981,0.640589
0.127,0.038226,12.25,17.63,0.338,2.66,2325.6,1.208942,0.755644,3.525415,5.117406,1.384661,1.485072
0.134,0.04019,6.12,19.42,0.422,3.162,5182.7,0.851453,1.005643,1.200025,1.722405,0.721502,0.960177
0.139,0.041983,6.76,21.07,0.448,3.212,3654.5,0.897108,0.735261,0.900504,1.591477,0.180854,0.7898
0.117,0.03525,9.23,16.58,0.357,3.05,1993.4,0.94997,2.618211,5.476532,5.520393,2.02803,1.799613
0.105,0.031535,7.57,15.72,0.275,2.623,2093,2.095486,1.919123,4.294226,13.853426,3.841349,2.631193
0.146,0.043997,10.88,22.11,0.491,3.356,4252.5,1.036621,0.969751,2.038423,1.955513,0.281957,0.983567
0.123,0.037045,8.55,17.74,0.391,3.175,2159.5,0.856262,0.958097,2.956012,4.228649,1.030657,2.135709
0.111,0.03338,6.27,15.84,0.3,2.704,2325.6,1.762564,1.291561,14.714277,8.71129,6.75023,7.680599
0.104,0.031211,7.49,14.74,0.276,2.657,2225.9,1.183514,0.834824,3.804359,1.468678,1.54063,1.777476
0.127,0.038356,7.45,17.04,0.448,3.517,5083.1,0.296289,0.259361,0.654253,0.385499,0.184154,0.176387
0.12,0.036123,6.77,18.23,0.32,2.67,2358.8,1.47498,1.664827,1.148412,0.822268,1.585654,0.444073
0.119,0.035852,8.12,17.4,0.27,2.267,2292.4,3.721863,3.466984,9.514918,15.360811,1.717681,5.412602
0.119,0.035703,9.31,18.13,0.324,2.733,1993.4,1.866137,3.092897,2.830803,3.900469,2.572636,1.78518
0.102,0.030799,8.25,15.08,0.258,2.52,2026.6,1.277764,1.490707,2.234414,2.80843,1.513064,0.747898
0.098,0.029389,8.52,14.93,0.26,2.659,1960.1,0.678067,0.619343,6.477808,7.529273,4.092422,3.136547
0.112,0.033769,5.31,16.17,0.31,2.766,3089.7,1.779393,4.211465,12.063141,35.845909,7.476654,15.670287
0.096,0.028753,7.67,14.65,0.263,2.752,1794,1.901037,1.52298,5.429688,4.126746,2.593312,1.793207
0.144,0.04348,10.43,20.77,0.389,2.693,4551.5,0.839513,0.745228,0.857172,2.441114,0.233545,1.176594
0.151,0.045518,6.88,22.41,0.41,2.713,2724.3,0.407146,0.130843,0.827681,0.730131,0.212815,0.465752
0.116,0.034918,5.8,17.24,0.284,2.446,2524.9,1.088385,1.325929,16.668673,15.151337,4.333515,8.504121
0.107,0.032087,6.56,16.07,0.298,2.791,2225.9,1.147955,1.89088,4.284193,5.120577,2.410377,2.201672
0.148,0.044438,11.42,21.48,0.447,3.031,4019.9,1.010698,0.918189,0.501026,1.199733,0.311156,0.835039
0.117,0.035264,8.38,16.89,0.297,2.538,2524.9,0.988475,1.099259,2.017169,10.187401,0.668737,3.786849
0.12,0.036007,7.44,18.12,0.262,2.19,2392,1.744485,1.625805,3.688491,16.485706,1.314376,6.592783
0.114,0.034308,6.64,16.99,0.303,2.654,2292.4,0.999528,1.156972,2.475159,8.341822,0.977368,2.856314
0.097,0.029168,7.25,13.44,0.253,2.614,1694.3,1.676427,1.203694,6.445274,4.311339,2.247528,2.970759
0.136,0.040853,4.95,19.58,0.421,3.098,3687.7,0.894069,0.899112,1.621076,1.277428,0.279392,0.441959
0.155,0.046611,8.31,22.46,0.582,3.758,4119.6,0.776272,1.147649,1.135169,3.011408,0.406242,0.874896
0.113,0.034007,8.34,15.52,0.302,2.675,1926.9,0.843274,1.298729,3.753338,5.015474,0.399298,1.200911
0.156,0.047047,18.4,19.66,0.488,3.124,4983.4,0.454692,0.569244,0.481387,1.008505,0.387686,0.177675
0.143,0.043107,14,20.78,0.425,2.968,5714.3,0.741916,0.890457,1.326852,1.359475,0.369377,0.555553
0.137,0.04128,13.47,17.82,0.388,2.828,3920.3,1.076335,0.914064,1.248226,0.811135,0.190857,0.327427
0.134,0.040248,1.1,17.29,0.416,3.108,4584.7,0.805844,0.650018,0.693411,0.266183,0.587812,0.503271
0.119,0.035724,6.74,17.7,0.271,2.281,2325.6,1.669648,1.034168,4.571185,7.29236,0.617088,2.491371
0.128,0.03845,10.75,17.07,0.437,3.42,2524.9,0.656544,0.370571,0.399292,0.54373,0.30849,0.117908
0.144,0.043375,7.93,19.53,0.406,2.818,2591.4,0.895086,0.97615,0.960374,2.295854,0.258822,1.065715
0.117,0.035259,8.12,16.75,0.304,2.598,2259.1,1.073617,0.510738,0.944589,0.679081,0.37936,0.226871
0.111,0.03346,8.07,15.33,0.303,2.722,2059.8,0.878355,2.45055,3.954815,10.226371,1.095035,4.261161
0.118,0.035515,8.18,16.05,0.344,2.915,2159.5,1.237041,1.212475,2.837658,2.565763,0.437805,0.744363
0.119,0.035907,10.16,16.66,0.398,3.339,2790.7,0.866618,0.631448,1.166965,1.133989,0.497288,0.4279
0.141,0.042453,13.28,20.01,0.421,2.985,5415.3,0.620986,0.593086,1.547152,2.142924,0.682003,0.572014
0.142,0.042627,10.86,19.74,0.438,3.092,4750.8,0.839356,0.850567,0.847461,0.855296,0.325703,0.554194
0.149,0.044884,7.12,19.97,0.425,2.853,5149.5,0.592374,0.709405,1.878197,1.254988,0.137758,0.657976
0.094,0.028381,3.52,13.32,0.255,2.702,2059.8,0.872799,0.683806,4.604397,5.816138,2.474412,2.776048
0.12,0.036166,8.8,17.29,0.385,3.2,2425.2,2.004417,1.784218,6.04664,5.854782,3.041455,1.44497
0.121,0.036307,5.47,17.29,0.333,2.757,1893.7,1.559089,2.071567,5.394232,7.58539,0.886815,3.662987
0.111,0.033487,6.52,15.2,0.259,2.327,2292.4,1.552143,1.823329,4.37181,10.366085,2.677574,3.877343
0.146,0.043984,7.64,20.94,0.458,3.135,4717.6,1.408898,1.270907,0.883289,2.475399,0.396771,1.216643
0.14,0.042029,6.45,20.21,0.449,3.216,4485,0.811236,0.763505,1.47335,1.941185,0.513173,0.401912
0.145,0.043734,12.09,20.06,0.583,4.015,4252.5,1.169808,1.125152,1.099009,2.056344,0.24307,1.131974
0.143,0.042958,14.02,20.18,0.457,3.2,4784.1,0.810187,1.268377,1.504785,1.071298,0.879368,0.523675
0.155,0.046578,13.56,22.2,0.586,3.786,3189.4,1.069911,0.769756,1.474107,2.252872,0.536249,0.559363
0.136,0.040902,3.77,18.95,0.5,3.683,4152.8,0.649331,0.322999,0.775753,1.146615,0.402933,0.421064
0.121,0.036544,9.15,17.11,0.33,2.721,2458.5,0.551721,1.388152,2.931513,4.967694,0.41404,1.269102
0.141,0.042362,2.32,19.78,0.495,3.519,4518.3,0.968852,0.634595,0.889734,1.463939,0.801295,0.462541
0.137,0.041198,7.64,19.96,0.397,2.901,3488.4,0.836801,0.955873,2.195826,2.041174,0.512376,1.217869
0.132,0.039861,5.48,19.58,0.427,3.227,4784.1,0.66298,0.813681,0.467858,0.254953,0.826835,0.335393
0.125,0.037527,5.91,17.83,0.414,3.323,2890.4,1.330776,1.604602,3.10656,5.286219,1.388196,2.471748
0.151,0.045441,13.54,21.7,0.45,2.984,4485,0.651823,0.674894,1.058278,1.193321,0.292238,1.158583
0.113,0.034,5.44,15.92,0.298,2.642,1993.4,1.97972,0.593903,6.442224,12.670247,4.280664,5.168601
0.113,0.034117,5.48,16.39,0.278,2.456,2524.9,0.738346,1.051499,1.007486,1.873876,0.681641,0.640494
0.14,0.04215,9.06,20.71,0.415,2.966,3986.7,0.770493,1.637174,3.259547,12.773389,3.085929,5.197461
0.132,0.03974,3.91,19.69,0.439,3.324,4053.2,0.66024,0.853295,1.346862,0.539,0.144335,0.611215
0.143,0.042959,8.13,19.95,0.586,4.108,4850.5,1.014514,0.993204,0.507051,0.933318,0.457807,0.434195
0.14,0.04202,5.55,19.51,0.49,3.507,4651.2,0.86324,0.946473,0.738081,1.594122,0.55656,0.728375
0.12,0.036245,6.95,17.18,0.399,3.317,2657.8,0.668198,0.86926,3.06448,3.982224,0.720417,1.809052
0.142,0.042772,7.71,20.78,0.52,3.662,4651.2,0.896296,0.771968,0.670177,1.277506,0.50149,0.715761
0.116,0.034887,7.98,17.13,0.266,2.296,2325.6,1.341536,1.126561,3.213971,12.662968,1.840727,4.759564
0.109,0.032847,8.3,15.53,0.29,2.653,2458.5,1.189373,3.128306,9.619938,6.992742,1.301573,3.258055
0.137,0.041177,6.63,19.74,0.38,2.777,5049.8,0.966561,0.747361,2.011548,1.058134,0.815615,0.75953
0.133,0.040179,7.37,18.41,0.429,3.217,2524.9,0.808357,0.990737,1.689492,1.518988,0.897695,0.471582
0.111,0.033425,5.42,16.4,0.298,2.686,1960.1,0.474861,0.909051,2.341261,7.128566,1.314966,2.750251
0.145,0.043689,14.29,20.35,0.445,3.063,4551.5,0.503471,0.508599,0.420424,0.809387,0.246054,0.241759
0.106,0.031895,8.34,15.43,0.302,2.848,2358.8,0.88166,0.883865,1.061501,1.211205,0.379491,1.081416
0.137,0.0411,3.06,19.32,0.488,3.571,4551.5,1.132144,0.60519,1.543093,1.791599,0.609803,0.339475
0.112,0.033606,8.73,16.52,0.289,2.589,2259.1,0.650088,1.243842,8.741668,7.920088,2.666539,4.751802
0.118,0.035526,8.7,17.65,0.264,2.239,2259.1,1.741245,5.087502,10.870217,22.562926,2.169187,7.019173
0.144,0.043348,11.57,20.08,0.577,4.004,5182.7,0.870676,0.982231,0.923759,1.068683,0.184245,0.772448
0.108,0.032467,7.5,15.42,0.266,2.464,2192.7,1.234367,2.610725,6.584941,15.432581,1.780135,4.968351
0.14,0.042021,11.68,21.6,0.5,3.581,4551.5,1.546407,1.3778,1.6526,1.491926,0.946335,1.058084
0.14,0.042155,9.36,20.57,0.416,2.971,2857.1,0.916971,0.492457,0.928628,1.539233,0.401911,0.837292
0.144,0.043407,3.02,19.09,0.463,3.214,4019.9,0.504868,0.300335,0.58786,0.770024,0.255473,0.246095
0.134,0.04043,10.31,19.02,0.439,3.27,5083.1,1.200038,1.233257,1.165673,2.34307,0.471195,0.756076
0.116,0.034974,6.71,16.41,0.39,3.353,2757.5,0.817971,0.82302,3.758112,2.440389,0.654195,1.320969
0.118,0.035562,6.58,17.5,0.37,3.128,2591.4,0.657697,1.220915,1.906501,2.405432,1.05142,0.807617
0.153,0.046188,6.39,22.33,0.567,3.693,4385.4,0.705065,0.698187,0.508416,1.538165,0.453358,0.456062
0.112,0.033764,5,15.63,0.303,2.701,2292.4,0.63525,1.072729,5.250801,3.872315,2.196,2.287933
0.145,0.043698,5.14,21.56,0.43,2.961,4617.9,0.79622,0.691978,0.732326,1.860315,0.654641,0.696016
0.116,0.034966,8.78,17.33,0.368,3.172,2458.5,0.913229,1.131185,0.985512,1.163969,0.665137,0.604327
0.114,0.034426,6.14,16.15,0.294,2.573,2325.6,0.848493,0.721681,2.209154,1.259599,0.302263,1.470599
0.109,0.032837,7.42,15.58,0.271,2.483,2259.1,2.252772,2.328762,11.322647,8.775407,4.934888,5.094622
0.136,0.040976,7.32,19.39,0.417,3.062,3953.5,0.582889,0.705659,1.239763,0.835655,0.338898,0.378837
0.118,0.035615,6.6,17.16,0.336,2.839,4119.6,0.610516,1.027807,5.285286,5.494589,1.75444,3.408812
0.119,0.035863,9.15,17.16,0.34,2.857,2458.5,1.0752,1.084487,5.266269,5.667265,1.428009,1.11186
0.133,0.040174,9.19,19.83,0.4,2.995,2591.4,0.775367,0.700274,0.714666,1.285121,0.385671,0.479101
0.111,0.033267,6.96,16.11,0.285,2.58,2292.4,1.516827,1.776565,10.77595,3.629254,3.093294,4.903597
0.153,0.046196,14.44,22.15,0.455,2.966,4617.9,1.653831,0.925562,2.327049,1.955285,0.338387,0.532237
0.103,0.031026,4.87,16.3,0.253,2.459,2259.1,2.111334,4.012,3.973348,4.980454,1.881902,1.438924
0.101,0.030303,4.94,14.35,0.257,2.554,2857.1,1.044487,1.274144,5.948426,5.083528,2.285614,2.84684
0.137,0.041208,12.6,17.37,0.396,2.895,3554.8,0.933812,0.784757,0.546161,1.505541,0.322754,0.383106
0.123,0.036994,3.07,17.73,0.413,3.357,4152.8,0.591304,0.757869,0.751206,0.510335,0.354477,0.355985
0.117,0.035297,8.19,17.52,0.272,2.322,2159.5,0.993989,1.719115,7.494008,10.346838,0.741317,5.595175
0.138,0.041388,17.28,18.7,0.412,2.993,4019.9,0.587323,0.566177,0.808282,1.136941,0.476537,0.584567
0.117,0.035173,6.68,18.14,0.284,2.427,2425.2,0.711915,0.662857,1.998355,6.782371,1.016678,2.145594
0.14,0.042053,10.63,20.49,0.399,2.853,5747.5,0.850187,1.168689,1.369354,2.134076,0.65004,0.716098
0.118,0.035522,5.55,17.51,0.342,2.901,2491.7,0.59436,1.572988,3.797191,9.42182,1.103493,2.797964
0.095,0.028682,4.4,13.77,0.254,2.665,2657.8,1.258228,1.004223,1.73231,3.627713,2.127896,0.876541
0.145,0.043626,5.48,20.1,0.564,3.895,5747.5,0.972715,0.60924,1.481095,0.480015,0.287263,0.778443
0.116,0.035003,7.21,16.75,0.278,2.395,2026.6,2.503078,1.964156,5.518622,14.941124,2.122037,5.909464
0.122,0.036697,10.13,17.37,0.295,2.422,2724.3,0.70938,0.475017,1.584757,6.69013,0.617174,2.883831
0.142,0.042832,11.94,19.72,0.424,2.983,3820.6,0.675597,0.508955,0.795504,1.320238,0.418602,0.496033
0.104,0.031448,7.63,14.64,0.267,2.557,2225.9,2.238745,2.090977,12.440345,9.218508,3.75369,5.084017
0.141,0.042477,7.99,19.9,0.444,3.149,4252.5,1.385379,1.196438,2.532655,1.888093,0.935389,1.173963
0.113,0.034114,2.24,17.75,0.355,3.135,2923.6,0.953624,0.677524,0.369445,0.426796,0.613887,0.266516
0.153,0.04591,8.15,21.63,0.438,2.873,4352.2,0.554236,0.486907,0.668058,1.683279,0.372325,0.603378
0.117,0.035094,7.01,17.4,0.394,3.38,5880.4,1.234647,1.589823,3.64226,6.615668,1.575419,1.459325
0.122,0.036844,8.13,18.76,0.408,3.335,2026.6,0.916571,0.794669,5.282108,4.920027,1.448756,1.128955
0.15,0.045115,13.34,21.59,0.41,2.733,3222.6,0.86324,0.572798,1.264397,2.038683,0.219265,0.719014
0.102,0.030686,3.91,14.25,0.26,2.55,2591.4,1.297024,1.412776,7.645028,5.217266,2.902945,3.127668
0.138,0.041617,4.84,19.97,0.406,2.939,2425.3,1.096638,1.019135,0.482456,0.929183,1.287338,0.401569
0.145,0.04356,4.24,21.5,0.418,2.889,4518.3,0.635838,0.809513,0.682904,1.753657,0.384509,0.585738
0.095,0.028529,4.02,13.59,0.294,3.101,2392,1.12322,1.505361,6.517069,3.950148,3.500312,2.075002
0.142,0.042595,11.44,20.59,0.466,3.29,4916.9,0.881457,0.884335,0.343303,1.204193,0.217611,0.366257
0.092,0.027571,5.76,13.28,0.268,2.924,2524.9,0.671265,1.32599,2.959027,3.743414,0.685715,1.338155
0.144,0.043238,5.32,20.69,0.479,3.332,4451.8,1.242268,1.08387,1.158588,1.034123,0.550753,0.396673
0.137,0.041292,8.19,19.31,0.363,2.645,2591.4,0.943329,0.881041,0.791561,1.504789,0.229666,0.507546
0.113,0.0339,7.03,15.56,0.259,2.296,2093,2.369766,3.325819,22.88398,14.306581,7.743223,8.222744
0.142,0.0428,7.9,22.17,0.39,2.741,2325.6,0.897074,1.308145,1.726124,2.087617,0.151222,0.621741
0.14,0.042171,4.5,19.81,0.55,3.927,4451.8,1.103177,0.964606,1.569378,0.722306,0.547833,0.613803
0.133,0.039956,6.7,18.95,0.397,2.99,2259.1,0.937478,0.852881,0.563184,1.408705,0.340089,0.454484
0.123,0.03698,12.49,16.1,0.287,2.339,2558.1,1.058673,1.234757,3.749266,5.701605,0.512636,1.804462
0.109,0.032788,6.62,15.11,0.261,2.392,2491.7,1.061913,0.901719,2.841596,6.613151,1.174492,3.029722
0.14,0.042034,3.99,19.79,0.472,3.376,4584.7,0.760385,0.881283,0.830195,0.669941,0.09754,0.752096
0.115,0.034722,6.19,15.89,0.29,2.511,2059.8,1.06517,1.043722,1.942943,6.984732,1.079702,2.833739
0.132,0.039807,4.56,18.62,0.395,2.985,5282.4,0.76354,0.735252,0.729163,1.195113,0.789855,0.579031
0.122,0.036709,3.04,17.92,0.393,3.225,3089.7,0.996088,0.893019,1.281495,1.518985,0.722434,0.722317
0.15,0.045,15.66,19.82,0.562,3.761,4750.8,0.919116,0.882692,1.466511,1.260466,0.320622,0.35878
0.104,0.031266,8.26,14.93,0.269,2.587,2159.5,2.461878,2.479355,4.800189,5.572564,2.142102,0.86482
0.14,0.042162,10.04,20.69,0.436,3.116,5282.4,1.007941,0.855064,2.037294,1.411978,0.327539,1.111443
0.096,0.028838,5.91,13.06,0.261,2.722,2425.2,0.442066,0.51126,3.133272,3.556744,0.783584,1.209429
0.122,0.036757,10.5,17.02,0.387,3.166,2558.1,1.386453,2.090721,6.647073,5.983979,3.428278,2.390107
0.132,0.039631,4.05,19.54,0.404,3.069,2491.7,1.025086,0.861205,1.105835,1.0018,0.630468,0.452443
0.148,0.044492,5.7,21.36,0.488,3.305,4717.6,0.648811,0.611525,1.028996,1.90616,0.307413,0.596576
0.141,0.042303,5.05,21.27,0.461,3.28,5249.2,0.955276,0.915722,1.860271,1.074609,0.480008,0.861729
0.106,0.031986,5.22,14.87,0.267,2.515,2225.9,0.747092,1.245209,8.374395,10.491447,2.895663,4.113642
0.125,0.03763,7.83,17.55,0.351,2.809,3322.3,0.487086,0.635648,3.063989,3.319615,0.662736,1.118212
0.144,0.043348,15.52,19.27,0.502,3.485,4318.9,0.885636,1.025053,1.404581,1.574649,0.458742,0.367591
0.12,0.036099,7.85,17.41,0.362,3.017,2159.5,0.918609,0.979085,3.652361,4.728542,0.886558,1.432896
0.14,0.042166,11.14,21.88,0.493,3.519,5348.8,0.638866,0.514984,1.500394,1.906379,0.184819,0.479864
0.146,0.043844,13.95,20.71,0.381,2.617,3156.1,0.89265,0.921191,0.590683,2.218445,0.364329,1.069282
0.122,0.036841,8.78,17.12,0.35,2.858,2159.5,0.96827,0.685757,3.397044,5.441574,1.145394,1.165254
0.112,0.033852,8.51,15.87,0.286,2.544,2325.6,0.995907,1.689067,7.019283,5.461728,2.567015,2.062455
0.143,0.043026,5.16,21.86,0.455,3.181,4152.8,0.950137,0.774552,0.812972,1.903377,0.286579,0.911802
0.134,0.04038,13.43,17.9,0.414,3.086,3056.5,0.331553,0.562999,0.712157,1.260183,0.211716,0.77768
0.111,0.033281,7.35,15.59,0.285,2.578,1960.1,0.675029,0.814541,1.112053,1.413995,0.474017,0.655058
0.146,0.043833,8.03,21.7,0.469,3.224,4617.9,0.912066,0.751895,1.160549,1.197347,0.12242,0.695426
0.116,0.03493,7.35,17.65,0.326,2.807,2325.6,1.721086,2.328843,4.954296,7.908804,2.742342,3.657849
0.117,0.035221,9.02,17.67,0.255,2.183,2225.9,1.55433,1.682441,6.333737,11.388136,2.226218,3.953425
0.14,0.042128,13.02,20.29,0.438,3.131,5016.6,1.018519,0.781631,0.534329,1.71704,0.340322,1.025258
0.141,0.042486,6.33,21.39,0.417,2.951,4717.6,0.906293,0.851126,1.445131,0.879894,0.467797,0.84596
0.147,0.044238,6.92,21.11,0.483,3.286,4617.9,0.815633,0.556893,0.602885,1.479865,0.637078,0.912519
0.108,0.032467,4.66,14.85,0.268,2.487,2026.6,1.356547,1.272891,5.437259,7.949829,2.312531,3.168583
0.102,0.030562,5.86,14.46,0.261,2.566,2225.9,0.814707,0.824043,2.469807,4.304988,2.552023,1.682568
0.097,0.029275,6.39,13.88,0.252,2.593,1993.4,1.879914,2.073819,9.808875,13.390126,3.064745,6.138148
0.112,0.033777,6.86,16.15,0.293,2.611,3089.7,1.272048,1.632978,7.426823,12.448585,3.04541,5.944171
0.121,0.036279,8.84,17.19,0.395,3.275,5481.7,0.752006,0.570456,1.12403,0.925762,0.415314,0.461228
0.113,0.033972,6.48,16.15,0.298,2.637,2126.3,0.890761,1.086856,1.3103,4.873476,0.612088,1.467505
0.133,0.040063,7.88,19.79,0.478,3.59,5415.3,0.820792,0.927353,1.144673,1.926489,0.888047,0.465047
0.142,0.042849,3.22,19.45,0.459,3.224,5049.8,1.338627,1.066238,1.276333,2.261916,0.819951,0.924943
0.133,0.040126,7.57,20.2,0.389,2.92,3089.7,1.200265,0.885862,1.451223,3.163419,0.513708,1.316309
0.142,0.042663,9.31,19.73,0.462,3.257,3621.3,0.884465,0.915508,0.764783,0.940188,0.619623,0.715589
0.134,0.040196,5.5,19.89,0.415,3.105,3455.2,0.817022,0.648292,0.82622,1.882724,0.783991,0.739886
0.118,0.035451,11.4,17.49,0.359,3.048,2358.8,0.446627,0.599352,0.851829,1.266465,0.293981,0.301347
0.115,0.034605,8.27,17.97,0.261,2.272,2126.2,1.35844,2.010548,3.160211,2.402397,1.359657,1.060257
0.106,0.031772,8.98,17.52,0.264,2.5,1926.9,1.189111,2.319925,3.923729,6.118176,1.242528,1.900341
0.141,0.042411,15.37,23.18,0.478,3.394,4418.6,1.390532,1.304309,1.897513,1.554826,0.95766,0.548618
0.121,0.036338,8.78,19.52,0.378,3.131,2491.7,0.932127,1.096925,0.490085,0.855971,0.571393,0.384406
0.124,0.037206,7.5,18.97,0.271,2.19,2259.1,1.288621,2.420554,4.828436,22.521647,1.743966,9.774887
0.145,0.043521,12.58,21.8,0.375,2.595,2857.1,0.967273,0.515617,1.362364,1.220949,0.319507,0.24546
0.116,0.034997,8.56,16.99,0.277,2.379,2425.2,1.425992,1.53881,5.429037,7.99093,1.32164,4.282478
0.11,0.033052,5.7,15.61,0.266,2.418,1893.7,1.054076,0.804224,2.728269,9.189285,2.005805,3.060551
0.129,0.038922,5.86,20.2,0.411,3.181,3754.1,0.85958,1.091572,0.469779,0.860366,0.258371,0.302914
0.115,0.034486,7.42,17.04,0.284,2.475,2558.1,2.086856,1.629317,4.124868,5.852339,1.614322,1.411741
0.116,0.035015,8,18.07,0.267,2.299,2458.5,1.500928,0.856483,4.205722,10.366978,2.546263,4.184232
0.112,0.03382,11.68,16.84,0.264,2.347,1827.2,1.103847,0.736015,2.052622,1.487986,0.51344,0.549373
0.113,0.034053,9.66,17.09,0.332,2.938,2192.7,0.786577,1.14888,6.490176,6.261351,1.292765,3.911017
0.149,0.044941,8.21,22.91,0.467,3.127,4485,0.804707,0.634725,1.392268,0.805955,0.230859,0.634889
0.148,0.044598,6.43,23.05,0.489,3.298,4750.8,0.843216,0.881294,0.916789,1.85543,0.350995,1.208149
0.107,0.032271,5.5,15.27,0.25,2.335,2259.1,1.596956,1.872027,7.368644,10.879814,4.096139,4.842401
0.1,0.03001,9.24,14.28,0.278,2.785,2259.1,1.464827,1.021147,3.534136,5.560205,1.722685,2.063316
0.133,0.039981,6.7,19.54,0.474,3.568,4551.5,1.012521,0.946661,0.724528,0.489103,0.591319,0.283078
0.138,0.041657,11.43,19.23,0.376,2.717,5083.1,1.033748,0.867544,2.224235,2.04294,0.582927,1.170693
0.118,0.03562,7.61,18.2,0.292,2.471,3089.7,0.913063,1.275119,6.153065,5.71145,1.555193,3.666035
0.147,0.044217,15.42,22.27,0.473,3.222,4950.2,0.79469,1.117946,1.091074,1.342127,0.225729,0.63622
0.126,0.037851,7.07,18.88,0.33,2.625,2425.2,0.845475,1.391424,2.723147,12.692123,1.232085,5.190205
0.11,0.033112,7.6,15.97,0.314,2.857,2458.5,1.340098,3.430346,5.50403,6.027104,2.715547,1.665448
0.14,0.041991,9.5,20.47,0.452,3.238,4152.8,0.715508,0.627025,1.23593,0.854407,0.217185,0.938472
0.152,0.045681,11.32,21.73,0.402,2.65,4485,0.58856,0.275424,0.920564,1.28235,0.44107,0.261989
0.153,0.046034,17.78,20.49,0.548,3.585,4252.5,0.814984,0.39357,1.095946,0.462239,0.170545,0.622809
0.139,0.041838,12.14,20.7,0.396,2.85,3554.8,0.782988,0.855383,0.986177,0.968137,0.532951,0.674585
0.137,0.041281,6.54,20.11,0.406,2.958,4817.3,0.934623,0.501487,0.534557,0.924931,0.533523,0.312505
0.137,0.041384,8.47,19.51,0.46,3.342,5780.7,0.626378,0.640402,1.388174,0.838984,0.467317,0.615552
0.131,0.039399,8.79,19.66,0.381,2.908,2790.7,2.135096,2.373445,2.828154,9.424932,1.402524,3.277539
0.151,0.045347,9.17,20.36,0.513,3.406,4617.9,0.826041,0.880927,0.712351,0.264425,0.486646,0.472524
0.119,0.035768,10,17.3,0.303,2.548,2059.8,1.46593,1.107909,4.706046,6.44048,1.965744,2.771465
0.133,0.040067,7.97,19.46,0.428,3.218,5116.3,1.038859,0.883494,1.606527,1.629189,1.495821,0.402535
0.126,0.038069,9.06,19.71,0.337,2.665,1926.9,1.630126,0.827581,3.269832,6.594892,1.572923,1.452831
0.108,0.032425,4.9,15.75,0.372,3.456,2192.7,1.369057,1.468121,1.582323,1.934555,1.258707,0.679355
0.144,0.043361,3.21,21.06,0.413,2.864,4086.4,0.89491,0.734211,0.991961,1.326117,0.329013,0.650461
0.143,0.043162,10.62,20.85,0.448,3.126,5282.4,0.945501,1.086339,0.489219,1.476635,0.318651,0.440393
0.148,0.044415,14.68,21,0.44,2.98,4418.6,1.03127,1.673614,1.193511,1.899386,0.476614,0.77385
0.116,0.035032,6.28,16.83,0.361,3.102,2225.9,0.192691,0.4207,0.397804,0.730848,0.226375,0.233515
0.144,0.04325,8.37,21.73,0.483,3.359,4285.7,0.640327,0.812463,0.956369,2.948576,1.172954,0.675908
0.099,0.029744,6.52,14.13,0.284,2.869,2159.5,0.698379,1.536736,5.166008,9.043333,2.68635,4.406399
0.144,0.043411,13.18,19.13,0.538,3.733,4617.9,1.018784,0.98937,0.904157,1.903342,0.280703,0.818391
0.144,0.043398,8.19,20.02,0.38,2.639,1993.4,0.703222,0.401078,0.614023,1.531004,0.210306,0.54153
0.116,0.034772,8.3,16.25,0.267,2.312,2358.8,1.021871,1.47675,4.44562,7.897582,1.364789,1.553921
0.143,0.042925,8.84,20.12,0.399,2.801,3986.7,0.5931,0.362424,1.229058,0.856779,0.079688,0.761173
0.155,0.046589,13.65,19.86,0.411,2.655,4485,0.762544,0.52409,0.619993,1.431708,0.620853,0.690026
0.117,0.035107,7.47,16.98,0.263,2.252,2292.4,1.189925,2.551662,8.353991,13.018186,1.478412,4.451077
0.139,0.041933,7.79,19.4,0.412,2.956,4717.6,0.742827,0.719379,0.958709,1.054807,0.408024,0.640442
0.147,0.04417,12.13,20.17,0.503,3.431,4651.2,0.94196,1.112337,1.054154,0.707199,0.370286,0.417139
0.107,0.032262,5.6,14.72,0.255,2.379,2225.9,0.966636,1.501966,1.56364,8.215481,2.446144,3.044897
0.114,0.034402,7.76,15.8,0.323,2.83,2159.5,1.468194,2.021966,15.56186,21.670933,6.779381,9.676584
0.119,0.035868,7.48,16.76,0.359,3.01,2225.9,0.71811,0.405941,3.343871,1.54376,1.201655,0.754256
0.114,0.034448,10.1,15.71,0.264,2.305,2259.1,1.075249,1.259519,5.953189,8.63147,1.672528,4.715352
0.103,0.030856,6.48,14.57,0.295,2.881,2126.2,0.803337,0.962204,2.166485,1.841809,1.532174,0.365835
0.129,0.038895,10.49,18.28,0.5,3.869,4983.4,1.331748,1.71275,2.178576,2.927532,1.295911,0.403978
0.144,0.043417,8.72,21.99,0.402,2.788,4916.9,0.976834,1.112754,1.263613,1.294904,0.223388,0.636214
0.137,0.041195,5.06,19.09,0.453,3.311,4451.8,0.922762,0.895435,0.594949,1.188935,0.377655,0.585006
0.139,0.041701,4.75,19.02,0.416,3.005,5515,1.178493,1.083565,1.353245,1.552281,0.69926,0.40412
0.111,0.033453,7.95,16.23,0.275,2.473,2392,2.777293,2.058662,6.292977,9.889303,1.769277,5.785931
0.134,0.040384,9.97,18.56,0.439,3.274,4651.2,0.710492,0.789017,0.472143,0.965967,0.362407,0.546495
0.103,0.031053,6.51,15.42,0.287,2.786,2093,2.030154,3.567591,6.328285,12.596406,4.464198,2.200104
0.156,0.04693,12.55,22.72,0.576,3.693,4352.2,1.005399,0.955292,0.750583,1.794129,0.457761,0.74705
0.118,0.035399,5.87,16.8,0.289,2.461,2358.8,1.564425,1.970645,17.716532,14.447818,2.938091,11.119388
0.107,0.032264,4.36,15.49,0.33,3.08,2558.1,0.740824,1.391275,3.615788,4.033111,1.080177,1.605881
0.145,0.043565,4.96,21.03,0.458,3.164,4750.8,0.613899,0.707442,0.782759,1.913581,0.558238,0.901038
0.141,0.042419,3.58,20,0.389,2.763,2757.5,0.631141,0.914398,0.806178,0.922718,0.202184,0.361037
0.125,0.037545,7.01,16.71,0.433,3.474,3554.8,0.745299,0.856202,0.505952,4.101734,1.282973,1.574669
0.118,0.035647,2.68,17.79,0.439,3.71,2524.9,0.953626,0.604872,0.215425,0.598713,0.370609,0.255089
0.143,0.042941,11.78,20.83,0.407,2.852,4784.1,0.905464,0.63896,0.789866,1.188789,0.333475,0.294943
0.139,0.041928,11.99,21.26,0.418,3.004,2657.8,0.884498,0.840061,0.914835,1.912948,0.328589,0.960319
0.116,0.03496,8.3,15.56,0.264,2.276,2657.8,1.326744,1.066369,2.915176,12.206601,1.116492,5.192237
0.109,0.03273,7.07,14.94,0.304,2.799,2292.4,0.608988,0.683451,3.032674,3.368653,1.645123,1.214532
0.142,0.042681,8.63,22.03,0.49,3.458,4285.7,1.011342,1.612659,1.324438,1.438466,0.729592,0.447254
0.129,0.038696,10.35,18.38,0.327,2.546,2558.1,0.518646,0.443499,1.019798,1.458264,0.179423,0.617157
0.119,0.03574,6.63,17.11,0.318,2.678,1993.4,1.027024,1.097366,2.440246,10.557126,1.074455,4.346844
0.139,0.041748,4.59,20.16,0.406,2.925,3687.7,0.83594,1.071602,0.789452,1.255705,0.762101,0.371004
0.105,0.031672,7.73,15.96,0.275,2.617,2159.5,0.977456,2.138293,5.162406,6.185461,1.372161,2.147392
0.152,0.04566,5.08,21.57,0.601,3.963,4053.2,0.918876,0.880672,1.208472,0.930997,0.384548,0.776751
0.133,0.039943,1.37,19.77,0.463,3.491,4651.2,0.727267,0.889774,1.210611,1.408471,0.455051,0.558057
0.101,0.030309,5.57,14.93,0.259,2.571,2325.6,2.589879,2.078548,2.384323,9.910931,3.223686,3.643218
0.123,0.036896,5.68,18.19,0.373,3.04,2724.3,0.86859,1.228826,1.943978,2.393817,0.94316,0.918312
0.132,0.039597,1.39,18.15,0.465,3.538,5614.6,0.67471,1.071246,0.908706,0.677413,0.647135,0.546053
0.11,0.033036,7.82,15.54,0.254,2.318,2126.2,1.078517,0.590082,2.478399,5.02144,2.006912,1.680789
0.123,0.037119,8.88,18.28,0.406,3.29,4817.3,0.633023,0.6373,0.364475,0.418428,0.456109,0.257937
0.108,0.032645,5.9,15.86,0.268,2.468,2126.3,1.129592,1.78482,4.945783,13.08867,2.162307,4.304743
0.117,0.035176,7.83,17.46,0.297,2.539,2358.8,1.411767,1.469236,6.158045,16.164225,3.914285,8.287437
0.115,0.03475,8.24,16.68,0.277,2.402,2757.5,1.111773,2.20535,12.701324,9.146327,2.165849,7.372877
0.141,0.04235,9.04,18.19,0.402,2.859,4883.7,1.025798,0.933805,2.033336,1.063857,0.308121,0.931692
0.096,0.028905,6.93,13.82,0.277,2.883,1993.4,1.033714,1.330737,3.815508,1.048248,2.266697,1.371617
0.123,0.036911,9.48,18.11,0.329,2.686,2225.9,2.443303,2.086471,7.513162,7.164103,1.786242,2.211545
0.136,0.041082,7.23,20.47,0.404,2.957,4385.4,0.90006,0.84748,0.866732,1.2016,0.762977,0.339829
0.101,0.030295,8.48,14.68,0.269,2.668,2059.8,0.905454,0.248376,5.360934,2.064509,2.485787,2.174037
0.118,0.035419,7.18,17.45,0.293,2.489,2325.6,0.520404,0.798134,4.96872,5.906353,0.994367,3.176142
0.118,0.035458,6.47,16.94,0.273,2.318,2392,2.437326,4.875035,19.647363,33.355192,6.676137,9.529343
0.108,0.032394,6.91,15.01,0.287,2.668,2259.1,0.881027,1.925245,3.836902,7.668187,1.5366,1.790388
0.147,0.044227,14.44,20.33,0.433,2.945,4950.2,0.445569,0.810395,1.370272,0.886468,0.462044,0.272254
0.142,0.042642,13.87,20.54,0.476,3.358,4152.8,1.345297,1.272852,1.197295,2.144511,0.684229,0.885307
0.139,0.041708,9.44,19.05,0.438,3.165,4418.6,0.900535,0.767182,0.721309,2.253602,0.652046,0.877553
0.138,0.041623,6.33,19.32,0.404,2.921,5614.6,0.656481,0.66443,1.074856,0.712456,0.819263,0.326137
0.133,0.040078,9.72,18.47,0.35,2.627,2059.8,0.890649,1.266591,2.704775,8.151055,1.414511,2.64754
0.138,0.041594,6.56,20.24,0.51,3.691,5049.8,1.388078,0.972145,0.781043,1.758975,0.772946,0.570365
0.113,0.033956,8.86,16.07,0.302,2.676,2192.7,1.220831,1.007183,2.968124,2.960079,1.113948,2.031044
0.141,0.042484,13.83,20.31,0.401,2.842,5448.5,1.007919,0.899281,1.852311,1.11484,0.529006,0.771671
0.12,0.036111,9.17,17.47,0.283,2.357,2591.4,1.025252,1.983874,2.728218,12.044702,0.636499,4.893105
0.132,0.039821,4.95,18.74,0.457,3.456,5049.8,0.94227,1.015126,0.916896,1.521609,1.043566,0.626998
0.105,0.031471,8.26,14.89,0.267,2.552,1794,0.666976,1.104165,6.209748,2.067298,1.510636,2.821198
0.152,0.045621,13.46,21.01,0.551,3.636,4651.2,0.978298,0.446624,0.846912,1.248476,0.78751,0.362594
0.12,0.036126,7.81,16.53,0.277,2.309,2458.5,1.339579,0.886193,2.837478,11.456802,0.774476,4.717801
0.106,0.031847,5.26,15.62,0.278,2.626,2259.1,2.94339,0.926703,2.418744,3.56816,1.13691,0.855243
0.154,0.046376,5.81,23.05,0.559,3.63,4617.9,0.697364,0.651876,1.268637,0.966996,0.521025,0.7867
0.099,0.02981,0.65,14.49,0.854,8.628,8837.2,1.276642,0.890054,0.713147,1.388508,0.922169,1.305839
0.14,0.042222,5.36,21.6,0.489,3.486,3189.4,0.86476,0.715817,0.965216,1.82239,0.203719,0.988187
0.154,0.046449,17.2,21.57,0.481,3.12,5548.2,1.570862,1.476394,2.008428,2.17909,0.692374,0.914202
0.112,0.033714,6.6,16.24,0.285,2.544,3056.5,0.750626,0.922712,5.970674,1.830593,0.627201,3.009429
0.114,0.034191,8.51,16.84,0.274,2.416,2225.9,0.48106,0.588088,2.618308,1.95644,1.117438,1.309539
0.111,0.03351,5.93,15.76,0.275,2.469,2225.9,1.009708,1.362824,5.507124,6.802923,1.923373,1.740595
0.113,0.033888,6.18,17.12,0.367,3.256,3388.7,3.399333,1.214346,6.99225,14.123228,3.471402,4.42603
0.14,0.042267,9.52,20.81,0.489,3.484,5348.8,0.468491,0.559775,0.616173,1.669935,0.610867,0.354854
0.145,0.04365,6.64,20.77,0.421,2.906,3787.4,0.805767,0.458656,1.117932,1.056084,0.200496,0.219125
0.11,0.03312,7.07,16.2,0.252,2.287,2159.5,0.271985,0.583341,4.784027,5.628577,2.497101,2.808462
0.121,0.036342,8.01,16.49,0.451,3.732,3056.5,0.961274,0.801257,2.351014,3.580502,0.901555,0.707366
0.112,0.033843,8.73,16.03,0.268,2.386,2225.9,1.747451,2.504325,8.672546,5.70562,2.636391,4.848076
0.127,0.038271,11.2,19.3,0.407,3.203,3621.3,1.471009,1.490878,1.755826,3.264442,1.870867,0.700983
0.114,0.034344,6.81,16.01,0.316,2.769,2225.9,1.105902,0.453629,8.463249,6.131629,2.164906,5.002438
0.135,0.04074,11.22,18.28,0.428,3.161,5614.6,0.664266,0.563816,1.06388,0.849719,0.340303,0.303245
0.113,0.034131,7.29,16.87,0.275,2.425,2059.8,0.866804,0.651497,1.118731,1.000477,0.522925,0.923694
0.11,0.033216,7.44,15.34,0.274,2.483,2325.6,1.907977,2.365969,2.428342,11.104444,2.117666,4.343023
0.139,0.041806,10.88,20.75,0.565,4.066,4850.5,0.92667,1.062422,1.739083,0.572313,0.402564,0.504361
0.143,0.043168,12.01,21.62,0.487,3.399,4252.5,1.036286,1.325083,1.351036,1.16173,0.748771,0.587471
0.128,0.038413,7.98,19,0.322,2.527,2292.4,2.016484,2.857724,6.587799,8.062309,0.609804,2.526524
0.135,0.040653,8.68,21.05,0.385,2.85,5581.4,0.710334,0.485931,0.997221,1.295145,0.572218,0.359997
0.111,0.033548,7.61,16.47,0.285,2.556,2225.9,2.938213,2.387192,6.441366,10.214439,3.89427,4.132551
0.11,0.033054,7.06,15.37,0.252,2.294,2093,1.278545,2.270877,2.858956,10.444954,2.71172,4.268388
0.116,0.034839,5.24,15.7,0.261,2.255,2358.8,1.649134,0.93909,6.642755,7.273009,3.06655,2.853435
0.141,0.042372,4.78,20.6,0.428,3.04,4617.9,0.87527,0.899072,0.607195,1.072216,0.396987,0.377106
0.109,0.032738,5.63,15.11,0.309,2.844,2358.8,1.445476,1.240548,1.961444,2.204811,1.749176,1.036321
0.108,0.032613,5.01,16.2,0.271,2.498,2159.5,3.443036,2.736319,22.513497,15.479383,8.436095,14.301924
0.139,0.041988,11.22,18.75,0.405,2.903,6279.1,0.64903,0.985879,1.387057,1.393319,0.330065,0.365604
0.126,0.038026,10.03,19.17,0.334,2.646,2491.7,0.788079,1.70291,4.83157,3.946749,1.618109,1.016594
0.136,0.040875,9.97,19.65,0.393,2.893,5016.6,1.109618,0.822352,1.371788,2.202724,0.399664,0.801087
0.104,0.0314,5.02,14.79,0.268,2.566,2225.9,2.212935,3.185178,8.191264,13.318135,4.145201,2.097298
0.146,0.043917,8.72,21.39,0.502,3.443,4219.3,1.404314,1.283559,0.89394,1.730902,0.948942,0.445954
0.102,0.030612,8.28,14.22,0.266,2.612,2292.4,0.451388,1.507825,5.524126,3.501121,3.835592,2.721226
0.125,0.037629,5.63,17.64,0.422,3.373,5946.8,1.360435,1.077817,1.340512,0.347369,0.472965,0.579965
0.107,0.032249,7,15.69,0.295,2.754,2026.6,1.862231,2.342917,5.572426,4.187464,1.480946,2.969789
0.146,0.044077,13.46,22.2,0.601,4.105,4285.7,1.106451,0.658632,0.676001,1.395334,0.508339,0.744948
0.116,0.03498,9.41,16.41,0.312,2.687,2259.1,0.284466,0.389815,4.232043,3.787789,0.857285,2.418925
0.157,0.047378,15.31,22.61,0.652,4.14,4883.7,0.79625,0.582258,1.504819,1.168074,0.490614,0.627876
0.158,0.047633,8.45,22.94,0.585,3.697,4518.3,0.694225,0.638992,0.539816,0.912823,0.672432,1.019759
0.111,0.033438,8.17,16.63,0.294,2.647,2292.4,0.879316,0.880646,1.230691,1.270348,0.900653,0.805896
0.139,0.04187,2.59,19.59,0.388,2.793,2857.1,0.877631,0.767053,0.926912,0.859578,0.277952,0.623968
0.122,0.036855,8.3,18.09,0.393,3.206,1960.1,0.537532,1.103863,2.933535,1.674973,1.367222,0.377167
0.136,0.040979,6.63,20.45,0.448,3.291,3953.5,0.915176,0.76881,1.039702,1.326577,0.227724,0.709802
0.112,0.033793,6.09,17.47,0.267,2.381,2325.6,0.591889,1.94925,4.883966,4.773344,1.70865,1.355715
0.107,0.032164,5.98,14.82,0.269,2.518,2259.1,1.360881,1.724709,4.834106,11.686762,1.491608,5.976969
0.116,0.034957,6.22,17.3,0.33,2.844,2425.2,0.818624,0.948787,6.024136,5.706094,2.175013,3.211786
0.146,0.044064,5.72,21.63,0.499,3.408,4318.9,0.749198,0.763643,0.623146,2.080873,0.509602,0.798863
0.131,0.03945,4.33,18.22,0.387,2.951,4019.9,0.98888,1.058931,2.348339,2.466439,0.624734,0.672253
0.111,0.033326,6.47,15.53,0.253,2.283,2524.9,2.343927,1.867485,7.806858,7.365165,1.425962,4.25706
0.139,0.041738,5.58,18.58,0.467,3.37,4518.3,0.88809,0.887238,0.833583,0.484455,0.169157,0.965794
0.109,0.032775,3.31,14.72,0.303,2.786,2192.7,1.239702,0.86998,6.690282,2.715235,2.439186,2.934081
0.132,0.0396,11.13,18,0.402,3.057,3754.2,0.610717,0.530775,0.462879,0.64602,0.108046,0.491816
0.108,0.032551,5.65,14.72,0.3,2.776,2126.2,5.072723,4.014897,16.319686,36.537747,6.988156,11.433266
0.108,0.032552,7.62,15.4,0.278,2.572,2126.2,1.127839,1.291227,1.201858,4.548149,1.032015,1.683575
0.097,0.02919,5.23,14.26,0.255,2.632,2126.2,1.285188,1.21366,5.233122,9.700996,3.391614,1.891961
0.138,0.041502,13.45,19.04,0.477,3.458,4584.7,0.86695,0.54943,1.278167,0.445923,0.633782,0.504391
0.149,0.044702,13.8,20.87,0.367,2.474,5581.4,0.779298,0.691716,1.081127,1.9318,0.207473,0.879405
0.144,0.043344,9.97,20.54,0.503,3.494,5182.7,0.685101,0.433454,0.279479,0.574168,0.258956,0.678292
0.111,0.033377,8.08,15.04,0.365,3.289,2259.1,0.630605,0.721739,2.10747,1.758013,1.011393,0.653438
0.116,0.03491,8.61,15.93,0.419,3.609,5315.6,3.239622,2.052511,4.520606,9.828774,3.704215,4.736184
0.14,0.042249,10.47,20.4,0.474,3.374,5083.1,0.922812,0.588323,0.663108,1.059049,0.863304,0.810162
0.111,0.033436,6.72,15.64,0.302,2.721,2126.2,1.717099,2.793155,2.497094,7.749092,2.011055,2.341819
0.155,0.046674,11.62,21.28,0.579,3.733,4518.3,1.034854,0.891654,1.490404,1.870379,0.98763,0.997136
0.128,0.038528,10.1,17.81,0.421,3.288,3621.3,0.605434,0.759779,1.396003,1.357923,0.602469,0.25067
0.113,0.034147,8.55,16.34,0.287,2.529,2425.2,1.873984,1.60777,7.422957,11.140045,3.141967,2.356886
0.145,0.043597,11.54,21.48,0.402,2.774,4784.1,0.926071,0.807887,0.781873,1.716631,0.312025,0.521001
0.108,0.032539,6.71,15.8,0.261,2.417,2126.3,2.091778,2.831473,5.685402,8.263155,1.506903,2.1419
0.144,0.043311,5.92,21.21,0.494,3.433,4717.6,0.836703,0.804533,1.011757,1.351165,0.267906,0.806876
0.115,0.034684,6.62,18.82,0.333,2.891,1893.7,0.98816,0.534416,4.994565,7.293396,1.051938,4.146198
0.147,0.044341,9.3,20.25,0.616,4.182,4485,1.10224,0.79687,1.240455,0.682848,0.576557,0.758486
0.148,0.044581,8.44,20.85,0.505,3.412,4617.9,0.706684,0.851222,0.861387,1.529028,0.551662,0.491177
0.152,0.045722,9.91,21.08,0.518,3.408,4385.4,0.918748,0.804469,0.686332,2.655772,0.536987,1.25933
0.149,0.044747,9.52,22.02,0.56,3.767,4551.5,1.162086,0.844115,0.825155,1.755011,0.234971,0.77323
0.109,0.032922,6.15,15.95,0.289,2.638,2491.7,2.286464,1.725489,5.403623,10.675839,2.807454,3.464098
0.156,0.046864,12.13,22.79,0.616,3.954,4352.2,0.787127,0.911096,0.737107,1.663599,0.280668,0.764284
0.104,0.031299,6.98,15.74,0.295,2.839,2425.2,0.826455,0.334067,3.405114,2.204993,1.430112,1.693513
0.106,0.031795,7.8,15.85,0.486,4.605,4883.7,0.55848,0.361642,0.877182,2.553817,0.679954,1.029598
0.145,0.043785,10.44,22.34,0.467,3.211,4385.4,0.858374,0.722738,1.732556,1.862743,0.306594,0.931366
0.157,0.047195,10.6,22.78,0.433,2.758,4518.3,0.694687,0.452651,0.935063,0.477591,0.261832,0.358523
0.146,0.043883,12.59,21.96,0.565,3.874,5049.8,0.763496,0.734876,0.715364,2.273732,0.375537,0.836449
0.108,0.03241,5.33,15.49,0.3,2.783,2524.9,1.705971,1.935152,7.021429,4.342006,2.364466,2.632609
0.12,0.036245,7.32,16.54,0.38,3.155,4684.4,1.341816,2.090668,4.426404,6.978808,2.211013,2.335725
0.105,0.031586,7.63,15.62,0.289,2.75,2358.8,1.329339,1.845128,4.959398,5.153189,1.993104,1.952762
0.141,0.042349,8.8,20.08,0.531,3.775,4485,1.075631,0.929521,1.145164,1.299812,0.664711,0.311203
0.145,0.04373,8.26,23.55,0.5,3.442,5481.7,0.915116,0.829894,0.954575,3.092249,0.528648,1.207877
0.147,0.044382,6.99,21.02,0.492,3.336,4717.6,1.164293,1.132482,1.910313,1.81145,0.536032,0.611111
0.114,0.034311,6.97,17.06,0.318,2.79,1993.4,2.597615,2.818589,5.203199,7.72736,2.753504,2.803291
0.105,0.031481,5.2,14.56,0.277,2.645,1893.7,1.570092,0.486141,3.78619,6.525461,2.389412,1.047174
0.146,0.044059,4.74,21.94,0.511,3.491,4817.3,0.57488,0.497776,0.572554,0.504273,0.267193,0.357803
0.13,0.039085,10.43,18.94,0.48,3.698,5348.8,0.83323,1.051908,0.706279,0.707681,0.393862,0.515334
0.14,0.042,9.03,19.65,0.428,3.067,4352.2,1.004459,0.958757,1.47646,1.249097,0.557267,0.713914
0.108,0.032584,6.94,15.71,0.285,2.636,2026.6,0.929698,2.536496,2.506588,2.230541,1.422885,1.482949
0.118,0.035577,5.84,16.89,0.264,2.234,2292.4,1.119584,0.779838,3.078116,5.134969,0.488875,1.660777
0.155,0.046786,16.96,21.6,0.435,2.798,4817.3,0.780769,1.16601,1.092572,1.473509,0.268244,0.697718
0.112,0.033647,7.59,15.99,0.29,2.592,2126.3,0.891954,0.867751,5.616453,21.246071,4.917316,7.982914
0.145,0.043768,12.4,20.69,0.473,3.255,5282.4,1.192078,0.912804,0.61761,2.255489,0.804487,0.988185
0.139,0.041819,11.7,20.37,0.504,3.628,4119.6,0.772581,0.846052,1.147515,0.768507,0.497194,0.829012
0.103,0.030993,5.41,15.16,0.296,2.879,1926.9,1.980141,2.599013,5.681581,2.95897,2.218352,2.363813
0.143,0.042984,8.83,20.44,0.398,2.79,3588,1.309589,0.417629,1.366344,1.117516,0.351696,0.612044
0.14,0.042243,12.66,20.26,0.402,2.867,5681.1,0.872003,0.774821,0.786307,1.430047,0.624094,0.564508
0.12,0.036235,9.96,17.08,0.296,2.456,2358.8,3.039527,2.475536,14.388114,19.311525,2.996852,5.341593
0.116,0.034775,5.6,16.06,0.432,3.739,4186.1,0.878784,1.18619,3.082215,1.701879,2.712389,0.977193
0.144,0.043484,12.95,21.79,0.444,3.071,4850.5,0.819237,0.443586,0.284604,0.653429,0.333023,0.66307
0.144,0.043227,11.28,21.38,0.58,4.039,3986.7,1.01589,1.141331,0.875983,1.510458,0.431901,0.498967
0.108,0.032421,6.77,17.48,0.255,2.37,1860.5,5.327206,6.270876,5.988267,10.822483,3.984985,4.987296
0.107,0.032191,7.9,15.61,0.288,2.691,2491.7,1.314742,1.150161,4.208857,4.887003,1.187098,0.911286
0.146,0.044054,3.75,22.05,0.49,3.345,3820.6,0.85605,0.854523,1.156674,2.460711,0.346033,0.869199
0.14,0.042187,3.75,20.35,0.432,3.086,3255.8,0.562223,0.656186,1.030306,0.394339,0.388934,0.200478
0.109,0.032661,9.19,15.48,0.296,2.73,2491.7,1.554341,1.531672,4.954666,7.59727,1.803565,1.939813
0.158,0.047587,14.01,22.13,0.411,2.599,5315.6,0.908544,0.967161,1.244881,1.156319,0.419126,0.698378
0.111,0.033559,6.26,16.63,0.298,2.672,2325.6,2.566933,2.903091,6.06375,8.912363,1.570298,2.825574
0.146,0.043809,16.12,21.39,0.479,3.293,5647.8,0.878213,0.884164,1.679253,1.677534,0.543275,0.613416
0.119,0.035926,9.16,17.53,0.33,2.764,2857.1,0.551849,0.610987,4.374217,7.320033,1.18253,1.750421
0.117,0.035175,8.42,17.33,0.259,2.214,2225.9,0.879772,0.442804,1.571428,1.313716,0.405143,0.358762
0.141,0.0425,10.02,21.26,0.402,2.849,2392,1.853887,2.150282,6.056862,16.152285,3.767569,8.142193
0.117,0.03516,8.26,16.6,0.261,2.232,2126.2,1.407897,2.15088,8.278863,13.270634,1.758354,3.825652
0.123,0.037071,10.16,17.22,0.442,3.592,5083.1,0.995521,0.733179,1.123168,1.042244,0.707153,0.605827
0.143,0.042973,13.92,21.67,0.564,3.954,4684.4,1.187059,1.195732,1.629342,1.968162,0.613848,0.852697
0.115,0.034514,8.3,17.42,0.278,2.427,2325.6,1.908269,1.715433,3.535835,9.871858,1.693283,4.313841
0.14,0.042255,12.14,19.76,0.414,2.947,6013.3,0.791371,0.78225,1.122993,1.09346,0.699723,0.367527
0.155,0.04651,15.65,22.09,0.462,2.99,6013.3,1.001401,1.021767,1.822993,2.086365,0.721208,0.480557
0.104,0.031303,5,14.94,0.275,2.642,2491.7,2.496548,3.378294,13.633165,19.369541,10.867297,8.774201
0.137,0.041293,13.18,20.56,0.484,3.525,2624.6,1.044379,0.658594,1.052416,0.517726,0.248984,0.466374
0.113,0.034097,6.78,16.16,0.289,2.554,2491.7,0.577153,1.448765,3.6556,15.929147,4.038436,6.37526
0.106,0.031802,6.84,15.27,0.274,2.596,2292.4,1.453468,2.701218,4.586405,4.333339,2.297253,3.065447
0.105,0.031642,8.5,15.87,0.259,2.463,2225.9,2.671592,3.018447,7.021168,8.170024,2.86681,3.636929
0.147,0.044238,13.74,20.11,0.501,3.409,4750.8,0.810617,0.78501,0.733542,0.716754,0.370569,0.486374
0.138,0.041446,11.99,20.1,0.445,3.229,4152.8,1.600795,1.648726,0.731897,1.140266,0.586338,0.458139
0.113,0.033989,8.22,16.41,0.287,2.54,2026.6,1.447426,3.752224,3.589926,4.151528,1.18352,2.265439
0.138,0.041507,13.72,19.25,0.561,4.067,3853.8,1.077263,0.897316,0.540705,1.697215,0.335943,0.833884
0.093,0.027847,5.29,12.87,0.294,3.177,2491.7,1.027607,1.040205,2.537107,1.573068,2.101821,0.678674
0.137,0.041167,13.19,20.54,0.398,2.91,2392,1.103966,1.11012,0.935377,1.130294,0.807845,0.487476
0.123,0.037064,10.37,18.27,0.33,2.68,2192.7,1.580315,1.161836,3.805052,6.816126,1.796334,1.913439
0.096,0.028834,4.09,14.67,0.251,2.616,2325.6,1.003611,1.44153,4.747702,4.30988,3.884082,2.602223
0.112,0.033814,5.15,16.9,0.256,2.276,2059.8,0.853299,1.316564,5.268673,4.658405,1.494558,3.016532
0.112,0.03367,8.44,16.45,0.266,2.381,2325.6,0.942599,0.391082,0.981258,2.43121,0.35114,1.090417
0.127,0.038333,13.36,18.23,0.458,3.6,4418.6,1.717094,2.469461,2.670409,10.003216,2.14859,3.853446
0.108,0.032527,7.25,15.64,0.257,2.374,2093,1.68843,4.300187,5.93978,10.56722,4.648146,3.451715
0.118,0.035381,8.08,16.93,0.28,2.386,2624.6,0.599319,1.003174,1.295055,7.342615,0.506019,3.155546
0.143,0.043053,11.67,21.67,0.464,3.243,4983.4,0.513024,0.538496,1.953645,1.04777,0.45999,0.626765
0.147,0.044186,8.24,22.01,0.469,3.192,5282.4,0.950642,1.118924,0.310715,1.395224,0.385425,0.355976
0.142,0.042879,4.78,25.98,0.492,3.455,4850.5,1.039393,1.08398,1.161434,1.144127,0.4377,0.617501
0.118,0.035452,8.35,21.82,0.316,2.684,2923.6,1.660836,2.04043,8.742488,9.279253,3.195441,5.040212
0.146,0.043942,14.39,22.48,0.458,3.136,4850.5,0.774093,0.804446,0.895132,2.17162,0.709818,0.568469
0.134,0.040211,14.66,19.28,0.423,3.166,5647.8,0.714051,0.653938,0.407648,0.934944,0.533568,0.229551
0.105,0.03146,5.6,15.56,0.273,2.614,2192.7,1.526552,1.121625,5.958187,10.519112,4.517554,4.160445
0.112,0.033694,5.08,16.68,0.261,2.332,2259.1,1.117305,1.221459,3.297715,7.418083,1.390662,2.929818
0.16,0.048196,9.64,23.44,0.609,3.803,5315.6,0.751517,1.01945,0.630361,1.251797,0.372615,0.557795
0.136,0.040871,1.81,20.41,0.512,3.77,4385.4,1.064159,0.959728,0.660836,1.111136,0.705997,0.482805
0.115,0.034753,6.34,16.62,0.317,2.744,2392,1.262703,1.071837,2.717538,5.952784,2.20068,2.050423